"school_name","year","cep","eligible","pct_free_reduced","unpaid","debt_per_student"
"Bethesda","2010-11",0,NA,0.863319386331939,3076.28,4.29048814504881
"Brogden","2010-11",0,NA,0.62797619047619,3068.58,4.56633928571429
"Burton","2010-11",0,NA,0.847457627118644,2155.15,6.08799435028249
"Early College","2010-11",0,NA,0.486803519061584,353.59,1.03692082111437
"Eastway","2010-11",0,NA,1,3310.58,6.51688976377953
"Jordan","2010-11",0,NA,0.305385896724042,4443.74,2.46737368128817
"Easley","2010-11",0,NA,0.219155844155844,996.44,1.6175974025974
"School for Creative Studies","2010-11",0,NA,0.887218045112782,11900.86,22.370037593985
"Eno Valley","2010-11",0,NA,0.80370942812983,1294.83,2.0012828438949
"Carrington","2010-11",0,NA,0.526936026936027,6542.21,5.50691077441077
"City of Medicine","2010-11",0,NA,0.534883720930233,394.44,1.83460465116279
"Club","2010-11",0,NA,0.62671905697446,823.53,1.61793713163065
"Creekside","2010-11",0,NA,0.430875576036866,1769.99,2.03915898617512
"Glenn","2010-11",0,NA,0.93140243902439,4991.93,7.6096493902439
"Performance Learning Center","2010-11",0,NA,0.771084337349398,1252.15,7.54307228915663
"Durham School of the Arts","2010-11",0,NA,0.401580459770115,4656.79,3.34539511494253
"Hillandale","2010-11",0,NA,0.591482649842271,5865.22,9.2511356466877
"Hillside","2010-11",0,NA,0.651778329197684,14934.24,12.3525558312655
"Hope Valley","2010-11",0,NA,0.562942008486563,4974.33,7.03582743988685
"Holt","2010-11",0,NA,0.888888888888889,3781.41,6.56494791666667
"Forestview","2010-11",0,NA,0.537067545304778,1598.98,2.63423393739703
"Shepard","2010-11",0,NA,0.684331797235023,4006.53,9.23163594470046
"Lakewood Elementary","2010-11",0,NA,0.978021978021978,1443.1,3.17164835164835
"Little River","2010-11",0,NA,0.33596214511041,2150.84,3.39249211356467
"Lakeview","2010-11",0,NA,1,5220.34,35.0358389261745
"Lakewood Middle","2010-11",0,NA,0.507692307692308,1020.1,15.6938461538462
"Fayetteville Street","2010-11",0,NA,0.983388704318937,2159.77,7.17531561461794
"Lowe's Grove","2010-11",0,NA,0.795731707317073,2526.34,3.85112804878049
"George Watts","2010-11",0,NA,0.634730538922156,1145.3,3.42904191616766
"Mangum","2010-11",0,NA,0.31198347107438,1907.68,3.94148760330579
"Merrick Moore","2010-11",0,NA,0.963450292397661,14009.16,20.4812280701754
"Morehead","2010-11",0,NA,0.388349514563107,383.52,1.86174757281553
"Neal","2010-11",0,NA,0.968280467445743,9068.58,15.1395325542571
"Northern","2010-11",0,NA,0.492371705963939,5401.31,3.74570735090153
"Oak Grove","2010-11",0,NA,0.754098360655738,2868.07,5.22417122040073
"Parkwood","2010-11",0,NA,0.682034976152623,1842.45,2.929173290938
"E K Powe","2010-11",0,NA,0.791208791208791,558.3,1.53379120879121
"Pearsontown","2010-11",0,NA,0.347107438016529,6858.41,8.09729634002361
"Riverside","2010-11",0,NA,0.444505494505494,8439.86,4.63728571428571
"Githens","2010-11",0,NA,0.683995922528033,17236.79,17.5706320081549
"R N Harris","2010-11",0,NA,0.890080428954424,5331.77,14.2942895442359
"Southern","2010-11",0,NA,0.690873405299313,1843.48,1.80910696761531
"Rogers Herr","2010-11",0,NA,0.435534591194969,6810.77,10.7087578616352
"Southwest","2010-11",0,NA,0.637305699481865,4213.35,7.27694300518135
"C C Spaulding","2010-11",0,NA,1,1323.03,5.06908045977011
"Spring Valley","2010-11",0,NA,0.710884353741497,1459.7,2.48248299319728
"W G Pearson Elementary","2010-11",0,NA,0.792663476874003,3525.73,5.62317384370016
"Y E Smith","2010-11",0,NA,1,5515.88,15.3218888888889
"Hillside New Tech","2010-11",0,NA,0.592261904761905,4236.79,12.609494047619
"Bethesda","2011-12",0,NA,0.868715083798883,1542.9,2.15488826815642
"Brogden","2011-12",0,NA,0.680473372781065,918.12,1.35816568047337
"Burton","2011-12",0,NA,0.913649025069638,2737.82,7.62623955431755
"Early College","2011-12",0,NA,0.536231884057971,301.5,0.873913043478261
"Eastway","2011-12",0,NA,0.979323308270677,1618.2,3.04172932330827
"Jordan","2011-12",0,NA,0.342677345537757,2456.75,1.40546338672769
"Easley","2011-12",0,NA,0.212173913043478,3428.33,5.96231304347826
"School for Creative Studies","2011-12",0,NA,0.897651006711409,1656.51,2.77937919463087
"Eno Valley","2011-12",0,NA,0.853146853146853,879.59,1.53774475524476
"Carrington","2011-12",0,NA,0.530744336569579,1499.83,1.21345469255663
"City of Medicine","2011-12",0,NA,0.558620689655172,378.51,1.30520689655172
"Club","2011-12",0,NA,0.621457489878543,360.36,0.729473684210526
"Creekside","2011-12",0,NA,0.438997821350763,651.45,0.709640522875817
"Glenn","2011-12",0,NA,0.93968253968254,1831.95,2.90785714285714
"Performance Learning Center","2011-12",0,NA,0.72108843537415,1384.45,9.41802721088435
"Durham School of the Arts","2011-12",0,NA,0.415601882985878,1207.74,0.812199058507061
"Hillandale","2011-12",0,NA,0.601255886970173,985.38,1.54690737833595
"Hillside","2011-12",0,NA,0.672839506172839,1566.51,1.20872685185185
"Hope Valley","2011-12",0,NA,0.572280178837556,3211.11,4.78555886736215
"Holt","2011-12",0,NA,0.949514563106796,177.95,0.345533980582524
"Forestview","2011-12",0,NA,0.566615620214395,1267.32,1.94076569678407
"Shepard","2011-12",0,NA,0.701431492842536,1238.97,2.53368098159509
"Lakewood Elementary","2011-12",0,NA,1,296.42,0.613706004140787
"Little River","2011-12",0,NA,0.357285429141717,363.62,0.725788423153693
"Lakeview","2011-12",0,NA,1,3656.88,31.5248275862069
"Lakewood Middle","2011-12",0,NA,0.519553072625698,330.25,1.84497206703911
"Fayetteville Street","2011-12",0,NA,0.944805194805195,841.88,2.73337662337662
"Lowe's Grove","2011-12",0,NA,0.845070422535211,1201.38,1.88009389671362
"George Watts","2011-12",0,NA,0.621538461538461,471.65,1.45123076923077
"Mangum","2011-12",0,NA,0.276497695852535,933.62,2.15119815668203
"Merrick Moore","2011-12",0,NA,0.968421052631579,20546.43,30.8968872180451
"Morehead","2011-12",0,NA,0.378504672897196,285.5,1.33411214953271
"Neal","2011-12",0,NA,0.858536585365854,13574.29,22.0720162601626
"Northern","2011-12",0,NA,0.533185840707965,1913.96,1.41147492625369
"Oak Grove","2011-12",0,NA,0.857685009487666,1432.23,2.71770398481973
"Parkwood","2011-12",0,NA,0.662847790507365,1074.95,1.75932896890344
"E K Powe","2011-12",0,NA,0.759791122715405,456.08,1.19080939947781
"Pearsontown","2011-12",0,NA,0.367205542725173,1212.74,1.40039260969977
"Riverside","2011-12",0,NA,0.49514008004574,1202.99,0.687815894797027
"Githens","2011-12",0,NA,0.676288659793814,8670.77,8.9389381443299
"R N Harris","2011-12",0,NA,0.868493150684931,3190.91,8.74221917808219
"Southern","2011-12",0,NA,0.723446893787575,2263.8,2.26833667334669
"Sandy Ridge","2011-12",0,NA,0.6,1091.01,1.89740869565217
"Rogers Herr","2011-12",0,NA,0.45253164556962,1038.78,1.64363924050633
"Southwest","2011-12",0,NA,0.648424543946932,2116.21,3.50946932006633
"C C Spaulding","2011-12",0,NA,1,649.76,2.92684684684685
"Spring Valley","2011-12",0,NA,0.740740740740741,354.75,0.656944444444444
"W G Pearson Elementary","2011-12",0,NA,0.832167832167832,602.06,1.05255244755245
"Y E Smith","2011-12",0,NA,0.981538461538462,10247.63,31.5311692307692
"Hillside New Tech","2011-12",0,NA,0.534883720930233,245.65,0.714098837209302
"Bethesda","2012-13",0,NA,0.880551301684533,1587.6,2.4312404287902
"Brogden","2012-13",0,NA,0.728592162554427,818.15,1.18744557329463
"Burton","2012-13",0,NA,0.964285714285714,2518.05,6.91771978021978
"Early College","2012-13",0,NA,0.591715976331361,187.75,0.555473372781065
"Eastway","2012-13",0,NA,1,1522.85,2.71452762923351
"Jordan","2012-13",0,NA,0.392457277548615,2632.55,1.55129640542133
"Easley","2012-13",0,NA,0.227027027027027,3935.1,7.09027027027027
"School for Creative Studies","2012-13",0,NA,0.86144578313253,1743.98,10.5059036144578
"Eno Valley","2012-13",0,NA,0.943820224719101,914.84,1.4684430176565
"Carrington","2012-13",0,NA,0.587903225806452,1635.59,1.31902419354839
"City of Medicine","2012-13",0,NA,0.554878048780488,272.71,0.831432926829268
"Club","2012-13",0,NA,0.58974358974359,490.41,0.967278106508876
"Creekside","2012-13",0,NA,0.477220956719818,717.8,0.81753986332574
"Glenn","2012-13",0,NA,0.942942942942943,1720.72,2.58366366366366
"Performance Learning Center","2012-13",0,NA,0.773869346733668,1186.85,5.96407035175879
"Durham School of the Arts","2012-13",0,NA,0.392602206359507,1118.05,0.725535366645036
"Hillandale","2012-13",0,NA,0.649532710280374,984.39,1.53331775700935
"Hillside","2012-13",0,NA,0.659385113268608,1515.64,1.22624595469256
"Hope Valley","2012-13",0,NA,0.610091743119266,4144.64,6.33737003058104
"Holt","2012-13",0,NA,0.948473282442748,85.8,0.163740458015267
"Forestview","2012-13",0,NA,0.62178517397882,1296.52,1.96145234493192
"Shepard","2012-13",0,NA,0.706796116504854,1228.71,2.38584466019417
"Lakewood Elementary","2012-13",0,NA,1,260.98,0.564891774891775
"Little River","2012-13",0,NA,0.385321100917431,333.3,0.764449541284404
"Lakeview","2012-13",0,NA,1,4086.16,33.7699173553719
"Lakewood Middle","2012-13",0,NA,0.503521126760563,299.7,1.05528169014085
"Lucas","2012-13",0,NA,0.685636856368564,1159.9,3.14336043360434
"Fayetteville Street","2012-13",0,NA,0.968421052631579,876.11,3.0740701754386
"Lowe's Grove","2012-13",0,NA,0.823802163833076,809.47,1.25111282843895
"George Watts","2012-13",0,NA,0.572271386430678,544.25,1.60545722713864
"Mangum","2012-13",0,NA,0.284974093264249,931.41,2.4129792746114
"Merrick Moore","2012-13",0,NA,0.937771345875543,21842.55,31.6100578871201
"Morehead","2012-13",0,NA,0.405660377358491,277.05,1.30683962264151
"Neal","2012-13",0,NA,0.865311308767471,13236.97,16.8195298602287
"Northern","2012-13",0,NA,0.589837997054492,1750.46,1.28899852724595
"Oak Grove","2012-13",0,NA,0.88256880733945,1235.78,2.26748623853211
"Parkwood","2012-13",0,NA,0.728782287822878,1174.4,2.16678966789668
"E K Powe","2012-13",0,NA,0.723880597014925,235.17,0.585
"Pearsontown","2012-13",0,NA,0.344282238442822,1056.04,1.2847201946472
"Riverside","2012-13",0,NA,0.535610885929357,1352.19,0.782970469021424
"Githens","2012-13",0,NA,0.718436873747495,10548.86,10.57
"R N Harris","2012-13",0,NA,0.909333333333333,3088.33,8.23554666666667
"Southern","2012-13",0,NA,0.769230769230769,2274.23,2.5353734671126
"Sandy Ridge","2012-13",0,NA,0.612565445026178,808.8,1.41151832460733
"Rogers Herr","2012-13",0,NA,0.452495974235105,1076.65,1.73373590982287
"Southwest","2012-13",0,NA,0.71301247771836,2987.08,5.3245632798574
"C C Spaulding","2012-13",0,NA,1,679.46,2.66454901960784
"Spring Valley","2012-13",0,NA,0.75,315.34,0.57543795620438
"W G Pearson Elementary","2012-13",0,NA,0.913443830570902,716.84,1.32014732965009
"Y E Smith","2012-13",0,NA,1,11019.16,29.3844266666667
"Hillside New Tech","2012-13",0,NA,0.516417910447761,290.68,0.867701492537313
"Bethesda","2013-14",0,NA,0.857771260997067,8111.4,11.8935483870968
"Brogden","2013-14",0,NA,0.756637168141593,1188.8,1.75339233038348
"Burton","2013-14",0,NA,0.989010989010989,1369.16,3.76142857142857
"Early College","2013-14",0,NA,0.583333333333333,158.4,0.471428571428571
"Eastway","2013-14",0,NA,1,2717.95,4.42662866449511
"Jordan","2013-14",0,NA,0.399885255306942,2026.38,1.1625817555938
"Easley","2013-14",0,NA,0.28719723183391,928.09,1.60569204152249
"School for Creative Studies","2013-14",0,NA,0.534883720930233,537.49,2.08329457364341
"Eno Valley","2013-14",0,NA,0.925867507886435,1631.87,2.57392744479495
"Carrington","2013-14",0,NA,0.622067767158992,2197.04,1.90880973066898
"City of Medicine","2013-14",0,NA,0.56,300.93,0.925938461538462
"Club","2013-14",0,NA,0.608445297504798,607.39,1.16581573896353
"Creekside","2013-14",0,NA,0.469505178365938,1494.83,1.72017261219793
"Glenn","2013-14",0,NA,0.947994056463596,3398.4,5.04962852897474
"Performance Learning Center","2013-14",0,NA,0.680412371134021,967.78,4.98855670103093
"Durham School of the Arts","2013-14",0,NA,0.395259449071108,933.85,0.598238308776425
"Hillandale","2013-14",0,NA,0.602898550724638,2698.68,3.91113043478261
"Hillside","2013-14",0,NA,0.664462809917355,1222.54,1.01036363636364
"Hope Valley","2013-14",0,NA,0.666158536585366,4103.76,6.25573170731707
"Holt","2013-14",0,NA,0.972649572649573,58.7,0.10034188034188
"Forestview","2013-14",0,NA,0.62699564586357,1394.28,2.02362844702467
"Shepard","2013-14",0,NA,0.735632183908046,1770.94,3.39260536398467
"Lakewood Elementary","2013-14",0,NA,1,378.4,0.835320088300221
"Little River","2013-14",0,NA,0.455696202531646,334.48,0.846784810126582
"Lakeview","2013-14",0,NA,1,2041.22,20.0119607843137
"Lakewood Middle","2013-14",0,NA,0.472027972027972,690.95,2.41590909090909
"Lucas","2013-14",0,NA,0.640650406504065,5423.3,8.81837398373984
"Fayetteville Street","2013-14",0,NA,1,974.01,3.95939024390244
"Lowe's Grove","2013-14",0,NA,0.796242774566474,2381.16,3.44098265895954
"George Watts","2013-14",0,NA,0.557522123893805,1036.65,3.05796460176991
"Mangum","2013-14",0,NA,0.266846361185984,338.59,0.912641509433962
"Merrick Moore","2013-14",0,NA,0.897581792318634,6064.08,8.62600284495021
"Morehead","2013-14",0,NA,0.466981132075472,272.45,1.28514150943396
"Neal","2013-14",0,NA,0.861678004535147,3114.71,3.53141723356009
"Northern","2013-14",0,NA,0.607799852832965,1908.58,1.40440029433407
"Oak Grove","2013-14",0,NA,0.886759581881533,1816.32,3.16432055749129
"Parkwood","2013-14",0,NA,0.761904761904762,4118.5,7.2636684303351
"E K Powe","2013-14",0,NA,0.6875,1221.06,3.05265
"Pearsontown","2013-14",0,NA,0.314250913520097,668.31,0.814019488428745
"Riverside","2013-14",0,NA,0.531196336576989,2939.33,1.68250143102461
"Githens","2013-14",0,NA,0.721887550200803,5158.76,5.17947791164659
"R N Harris","2013-14",0,NA,0.872576177285319,2781.92,7.70614958448753
"Southern","2013-14",0,NA,0.735229759299781,5154.63,5.63963894967177
"Sandy Ridge","2013-14",0,NA,0.631133671742809,1608.86,2.72226734348562
"Rogers Herr","2013-14",0,NA,0.451104100946372,1209.85,1.90828075709779
"Southwest","2013-14",0,NA,0.705974842767296,10920.92,17.1712578616352
"C C Spaulding","2013-14",0,NA,1,1137.53,4.27642857142857
"Spring Valley","2013-14",0,NA,0.703020134228188,746.21,1.25203020134228
"W G Pearson Elementary","2013-14",0,NA,0.958408679927667,3007.1,5.4377938517179
"Y E Smith","2013-14",0,NA,1,633.9,1.61709183673469
"Hillside New Tech","2013-14",0,NA,0.551724137931034,330.61,1.03639498432602
"Bethesda","2014-15",1,1,0.556053811659193,6.5,0.00971599402092676
"Brogden","2014-15",0,1,0.761978361669243,926.04,1.4312828438949
"Burton","2014-15",0,1,0.956164383561644,4396.76,12.0459178082192
"Early College","2014-15",0,NA,0.594117647058824,895.9,2.635
"Eastway","2014-15",1,1,0.896013864818024,0,0
"Jordan","2014-15",0,NA,0.431793179317932,6676.57,3.67248074807481
"Easley","2014-15",0,NA,0.304728546409807,1057.86,1.85264448336252
"School for Creative Studies","2014-15",0,NA,0.466666666666667,1902.18,4.3728275862069
"Eno Valley","2014-15",0,0,0.929982046678636,765.68,1.37464991023339
"Carrington","2014-15",0,1,0.65590405904059,1266.94,1.16876383763838
"City of Medicine","2014-15",0,NA,0.551495016611296,266.14,0.884186046511628
"Club","2014-15",0,1,0.6,187.24,0.37448
"Creekside","2014-15",0,NA,0.479467258601554,383.99,0.426182019977802
"Glenn","2014-15",1,1,0.632375189107413,16.45,0.0248865355521936
"Performance Learning Center","2014-15",0,1,0.663101604278075,697.44,3.7296256684492
"Durham School of the Arts","2014-15",0,NA,0.394366197183099,2591.47,1.58693815064299
"Hillandale","2014-15",0,0,0.661608497723824,764.74,1.16045523520486
"Hillside","2014-15",0,0,0.677316293929712,889.87,0.710758785942492
"Hope Valley","2014-15",0,1,0.6671826625387,3573.29,5.53140866873065
"Holt","2014-15",0,1,0.964686998394864,224.55,0.360433386837881
"Forestview","2014-15",0,1,0.647807637906648,513.3,0.726025459688826
"Shepard","2014-15",0,1,0.713178294573643,819.92,1.58899224806202
"Lakewood Elementary","2014-15",1,0,0.727078891257996,2.55,0.00543710021321962
"Little River","2014-15",0,1,0.557746478873239,188.21,0.530169014084507
"Lakeview","2014-15",1,1,1,284.44,3.02595744680851
"Lakewood Middle","2014-15",0,NA,0.448763250883392,603.89,2.13388692579505
"Lucas","2014-15",0,1,0.593893129770992,10408.89,15.8914351145038
"Fayetteville Street","2014-15",1,0,0.847736625514403,0,0
"Lowe's Grove","2014-15",0,1,0.814917127071823,1549.31,2.13993093922652
"George Watts","2014-15",0,NA,0.550595238095238,197.74,0.588511904761905
"Mangum","2014-15",0,NA,0.283667621776504,165.03,0.472865329512894
"Merrick Moore","2014-15",1,0,0.596072931276297,87.35,0.122510518934081
"Morehead","2014-15",0,NA,0.476190476190476,969.95,4.61880952380952
"Neal","2014-15",0,1,0.851162790697674,3817.1,4.43848837209302
"Northern","2014-15",0,1,0.59290780141844,1624.27,1.15196453900709
"Oak Grove","2014-15",0,0,0.875216637781629,1310.23,2.27076256499133
"Parkwood","2014-15",0,1,0.747440273037543,1759.55,3.00264505119454
"E K Powe","2014-15",0,1,0.638344226579521,2339.76,5.09751633986928
"Pearsontown","2014-15",0,NA,0.358845671267252,505.19,0.633864491844417
"Riverside","2014-15",0,NA,0.544627629334849,4367.49,2.48293916998294
"Githens","2014-15",0,0,0.715705765407555,2677.82,2.66184890656064
"R N Harris","2014-15",1,1,0.59020618556701,0,0
"Southern","2014-15",0,0,0.697165991902834,9771.19,7.91189473684211
"Sandy Ridge","2014-15",0,1,0.648148148148148,603.26,1.01558922558923
"Rogers Herr","2014-15",0,NA,0.448494453248811,1114.16,1.76570522979398
"Southwest","2014-15",0,1,0.688751926040062,6600.72,10.1706009244992
"C C Spaulding","2014-15",1,0,0.952898550724638,44.4,0.160869565217391
"Spring Valley","2014-15",0,0,0.678321678321678,328.35,0.574038461538462
"W G Pearson Elementary","2014-15",0,1,0.943223443223443,4839.47,8.86349816849817
"Y E Smith","2014-15",1,1,0.776412776412776,0,0
"Hillside New Tech","2014-15",0,NA,0.591078066914498,109.6,0.407434944237918
"Bethesda","2015-16",1,1,0.559398496240601,35,0.0526315789473684
"Brogden","2015-16",0,1,0.733333333333333,871.74,1.49015384615385
"Burton","2015-16",0,1,0.982608695652174,1148,3.32753623188406
"Early College","2015-16",0,0,0.577903682719547,379.8,1.07592067988669
"Eastway","2015-16",1,1,0.891379310344828,10.88,0.0187586206896552
"Jordan","2015-16",0,0,0.444958847736626,2126.44,1.09384773662551
"Easley","2015-16",0,0,0.332185886402754,732.3,1.26041308089501
"School for Creative Studies","2015-16",0,0,0.481553398058252,1123.9,2.18233009708738
"Eno Valley","2015-16",0,1,0.959074733096085,217.75,0.387455516014235
"Carrington","2015-16",0,1,0.690380761523046,1263.44,1.26597194388778
"City of Medicine","2015-16",0,0,0.578767123287671,2506.99,8.58558219178082
"Club","2015-16",0,0,0.623983739837398,142.16,0.288943089430894
"Creekside","2015-16",0,0,0.47588424437299,521.1,0.558520900321543
"Glenn","2015-16",1,1,0.594594594594595,20,0.0284495021337127
"Performance Learning Center","2015-16",0,1,0.653179190751445,578.69,3.3450289017341
"Durham School of the Arts","2015-16",0,0,0.378011117974058,831.29,0.513458925262508
"Hillandale","2015-16",0,1,0.675344563552833,874.15,1.33866768759571
"Hillside","2015-16",0,1,0.616680032076985,836.08,0.670473135525261
"Hope Valley","2015-16",0,1,0.693374422187982,2451.88,3.77793528505393
"Holt","2015-16",0,1,0.926493108728943,445.37,0.682036753445636
"Forestview","2015-16",0,0,0.631001371742112,264.76,0.36318244170096
"Shepard","2015-16",0,1,0.770916334661355,534.12,1.06398406374502
"Lakewood Elementary","2015-16",1,1,0.720930232558139,17.85,0.037737843551797
"Little River","2015-16",0,0,0.529262086513995,241.95,0.615648854961832
"Lakeview","2015-16",1,1,1,360.7,3.57128712871287
"Lakewood Middle","2015-16",0,0,0.426174496644295,891.58,2.99187919463087
"Lucas","2015-16",0,0,0.63036303630363,5868.47,9.68394389438944
"Fayetteville Street","2015-16",1,1,0.741007194244604,33.5,0.120503597122302
"Lowe's Grove","2015-16",0,1,0.818722139673105,683.71,1.01591381872214
"George Watts","2015-16",0,0,0.545714285714286,233.49,0.667114285714286
"Mangum","2015-16",0,0,0.263157894736842,217.74,0.674117647058824
"Merrick Moore","2015-16",1,1,0.62962962962963,15.8,0.0234074074074074
"Morehead","2015-16",0,0,0.506849315068493,175.7,0.802283105022831
"Neal","2015-16",0,1,0.805874840357599,10325.43,13.1870114942529
"Northern","2015-16",0,0,0.579387186629526,1019.32,0.70983286908078
"Oak Grove","2015-16",0,1,0.911620294599018,1812.65,2.96669394435352
"Parkwood","2015-16",0,1,0.773831775700935,1027.68,1.92089719626168
"E K Powe","2015-16",0,0,0.586744639376218,7682.1,14.9748538011696
"Pearsontown","2015-16",0,0,0.335031847133758,511.26,0.651286624203822
"Riverside","2015-16",0,0,0.544282511210762,1270.75,0.712303811659193
"Githens","2015-16",0,1,0.685368536853685,1581.81,1.74016501650165
"R N Harris","2015-16",1,1,0.669590643274854,7.69,0.0224853801169591
"Southern","2015-16",0,1,0.706449221645663,22267.64,16.5067753891772
"Sandy Ridge","2015-16",0,0,0.652397260273973,403.82,0.691472602739726
"Rogers Herr","2015-16",0,0,0.452229299363057,1638.13,2.6084872611465
"Southwest","2015-16",0,0,0.672667757774141,1203.19,1.96921440261866
"C C Spaulding","2015-16",1,1,0.992452830188679,0,0
"Spring Valley","2015-16",0,0,0.697368421052632,434.14,0.816052631578947
"W G Pearson Elementary","2015-16",0,1,0.965648854961832,397.11,0.757843511450382
"Y E Smith","2015-16",1,1,0.829396325459318,0,0
"Hillside New Tech","2015-16",0,0,0.590909090909091,189.01,0.859136363636364
"Bethesda","2016-17",1,1,1,0,0
"Brogden","2016-17",0,1,0.847985347985348,2093.6,3.83443223443223
"Burton","2016-17",1,1,1,0,0
"Early College","2016-17",0,0,0.564469914040115,206.8,0.592550143266476
"Eastway","2016-17",1,1,1,0,0
"Jordan","2016-17",0,0,0.432682425488181,16630.82,8.54615621788284
"Easley","2016-17",0,0,0.293381037567084,663.09,1.18620751341682
"School for Creative Studies","2016-17",0,0,0.455611390284757,2515.5,4.21356783919598
"Eno Valley","2016-17",0,1,0.978846153846154,187,0.359615384615385
"Carrington","2016-17",0,1,0.67274678111588,473.23,0.507757510729614
"City of Medicine","2016-17",0,0,0.572327044025157,4019.08,12.6386163522013
"Club","2016-17",0,0,0.605691056910569,269.51,0.547784552845528
"Creekside","2016-17",0,0,0.4375,969.81,1.08237723214286
"Glenn","2016-17",1,1,1,0,0
"Performance Learning Center","2016-17",0,1,0.77639751552795,503.48,3.1272049689441
"Durham School of the Arts","2016-17",0,0,0.36497641509434,1027.47,0.605819575471698
"Hillandale","2016-17",0,0,0.644067796610169,631.66,0.973281972265023
"Hillside","2016-17",0,1,0.604048582995951,3368.74,2.72772469635628
"Hope Valley","2016-17",0,1,0.72884012539185,3178.64,4.98219435736677
"Holt","2016-17",0,1,0.916158536585366,682.75,1.04077743902439
"Forestview","2016-17",0,0,0.676701570680628,890.32,1.16534031413613
"Shepard","2016-17",0,1,0.808988764044944,2394.18,5.3801797752809
"Lakewood Elementary","2016-17",1,1,1,0,0
"Little River","2016-17",0,0,0.447761194029851,328.7,0.700852878464819
"Lakeview","2016-17",1,1,1,0,0
"Lakewood Middle","2016-17",0,0,0.47098976109215,385.45,1.31552901023891
"Lucas","2016-17",0,1,0.638941398865784,5635.46,10.6530434782609
"Fayetteville Street","2016-17",1,1,1,0,0
"Lowe's Grove","2016-17",0,1,0.836633663366337,890.43,1.46935643564356
"George Watts","2016-17",0,0,0.476878612716763,422.8,1.22196531791908
"Mangum","2016-17",0,0,0.265822784810127,465.47,1.47300632911392
"Merrick Moore","2016-17",1,1,1,0,0
"Morehead","2016-17",0,0,0.464601769911504,298.65,1.32146017699115
"Neal","2016-17",0,1,0.814044213263979,14135.73,18.3819635890767
"Northern","2016-17",0,0,0.561379310344828,1007.83,0.695055172413793
"Oak Grove","2016-17",0,1,0.877280265339967,3274.54,5.43041459369818
"Parkwood","2016-17",0,1,0.750902527075812,8575.5,15.4792418772563
"E K Powe","2016-17",0,0,0.538461538461538,6389.56,13.2839085239085
"Pearsontown","2016-17",0,0,0.32367758186398,1238.37,1.55965994962217
"Riverside","2016-17",0,0,0.546778711484594,4483.13,2.51155742296919
"Githens","2016-17",0,1,0.670293797606094,3700.01,4.02612622415669
"R N Harris","2016-17",1,1,1,0,0
"Southern","2016-17",0,1,0.68402533427164,22924.67,16.132772695285
"Sandy Ridge","2016-17",0,1,0.633898305084746,2814.76,4.77077966101695
"Rogers Herr","2016-17",0,0,0.442463533225284,1575.81,2.55398703403566
"Southwest","2016-17",0,0,0.634796238244514,7582.46,11.8847335423197
"C C Spaulding","2016-17",1,1,1,0,0
"Spring Valley","2016-17",0,0,0.701465201465201,506.9,0.928388278388278
"W G Pearson Elementary","2016-17",1,1,1,0,0
"Y E Smith","2016-17",1,1,1,0,0
"Hillside New Tech","2016-17",0,0,0.628019323671498,597.8,2.88792270531401
"Bethesda","2017-18",1,1,1,0,0
"Brogden","2017-18",0,1,0.767485822306238,7654.69,14.4701134215501
"Burton","2017-18",1,1,1,0,0
"Early College","2017-18",0,0,0.548476454293629,0,0
"Eastway","2017-18",1,1,1,0,0
"Jordan","2017-18",0,0,0.385647909137842,34195.81,17.6540061951471
"Easley","2017-18",0,0,0.316758747697974,761.53,1.40244935543278
"School for Creative Studies","2017-18",0,0,0.478040540540541,1447.85,2.44569256756757
"Eno Valley","2017-18",1,1,1,0,0
"Carrington","2017-18",0,1,0.69131455399061,841.13,0.987241784037559
"City of Medicine","2017-18",0,0,0.597633136094675,0,0
"Club","2017-18",0,0,0.589690721649485,325.56,0.671257731958763
"Creekside","2017-18",0,0,0.446978335233751,1339.82,1.52773090079818
"Glenn","2017-18",1,1,1,0,0
"Performance Learning Center","2017-18",0,1,0.767605633802817,3.3,0.0232394366197183
"Durham School of the Arts","2017-18",0,0,0.35075493612079,14836.83,8.61604529616725
"Hillandale","2017-18",0,0,0.651685393258427,776.83,1.24691813804173
"Hillside","2017-18",0,1,0.600760456273764,7587.81,5.77019771863118
"Hope Valley","2017-18",0,1,0.677725118483412,7746.84,12.2382938388626
"Holt","2017-18",0,1,0.907380607814761,3490.83,5.0518523878437
"Forestview","2017-18",0,0,0.619607843137255,3065.07,4.00662745098039
"Shepard","2017-18",0,1,0.772428884026258,10341.69,22.6295185995624
"Lakewood Elementary","2017-18",1,1,1,0,0
"Little River","2017-18",0,0,0.41,2463.45,4.9269
"Lakeview","2017-18",1,1,1,0,0
"Lakewood Middle","2017-18",0,0,0.425170068027211,1245.94,4.23789115646259
"Lucas","2017-18",0,1,0.639065817409766,1583.09,3.36112526539278
"Fayetteville Street","2017-18",1,1,1,0,0
"Lowe's Grove","2017-18",0,1,0.840407470288625,6555.32,11.1295755517827
"George Watts","2017-18",0,0,0.421652421652422,1855.4,5.28603988603989
"Mangum","2017-18",0,0,0.3,805.75,2.44166666666667
"Merrick Moore","2017-18",1,1,1,0.8,0.00129449838187702
"Morehead","2017-18",0,0,0.439130434782609,2669.75,11.6076086956522
"Neal","2017-18",0,1,0.76171875,27121.24,35.3141145833333
"Northern","2017-18",0,0,0.541160593792173,1255.04,0.846855600539811
"Oak Grove","2017-18",0,1,0.860033726812816,2260.98,3.81278246205734
"Parkwood","2017-18",0,1,0.733826247689464,4484.19,8.28870609981516
"E K Powe","2017-18",0,0,0.533742331288344,2307.76,4.71934560327198
"Pearsontown","2017-18",0,0,0.314465408805031,1162,1.46163522012579
"Riverside","2017-18",0,0,0.546712802768166,8722.76,5.03042675893887
"Githens","2017-18",0,0,0.661894273127753,5725.92,6.30607929515419
"R N Harris","2017-18",1,1,1,0,0
"Southern","2017-18",0,0,0.641232575201761,27533.16,20.2004108584006
"Sandy Ridge","2017-18",0,0,0.652014652014652,10499.1,19.2291208791209
"Rogers Herr","2017-18",0,0,0.465378421900161,1605.06,2.58463768115942
"Southwest","2017-18",0,0,0.645833333333333,2493.85,3.99655448717949
"C C Spaulding","2017-18",1,1,1,0,0
"Spring Valley","2017-18",0,0,0.658578856152513,80.8,0.140034662045061
"W G Pearson Elementary","2017-18",1,1,1,0,0
"Y E Smith","2017-18",1,1,1,0,0
"Hillside New Tech","2017-18",0,0,0.503067484662577,2174.55,6.67039877300614
