"","school_no","school_name","year","unpaid","pct_free_reduced","adm","cep","grade","urban_centric_locale","pct_amin","pct_asian","pct_hispanic","pct_black","pct_haw_pac","pct_white","pct_multi","debt_per_student","grade_clean","cep_long","pct_minority","ts"
"1","304","Bethesda","2010-11",3076.28,0.863319386331939,717,"0","K-5","City",0.0013869625520111,0.0208044382801664,0.325936199722608,0.550624133148405,0,0.0693481276005548,0.0319001386962552,4.29048814504881,"Elementary","1",0.876560332871013,2010
"2","306","Brogden","2010-11",3068.58,0.62797619047619,672,"0","6-8","City",0.00295420974889217,0.0103397341211226,0.206794682422452,0.494830132939439,0,0.252584933530281,0.0324963072378139,4.56633928571429,"Middle","0",0.701624815361891,2010
"3","308","Burton","2010-11",2155.15,0.847457627118644,354,"0","K-5","City",0.00279329608938547,0.00558659217877095,0.463687150837989,0.483240223463687,0,0.0279329608938547,0.0167597765363128,6.08799435028249,"Elementary","1",0.946927374301676,2010
"4","309","Early College","2010-11",353.59,0.486803519061584,341,"0","9-12","City",0,0.0261627906976744,0.127906976744186,0.779069767441861,0.00290697674418605,0.0377906976744186,0.0261627906976744,1.03692082111437,"High","0",0.906976744186047,2010
"5","310","Eastway","2010-11",3310.58,1,508,"0","K-5","City",0.00198019801980198,0,0.437623762376238,0.514851485148515,0,0.0198019801980198,0.0257425742574257,6.51688976377953,"Elementary","1",0.952475247524752,2010
"6","312","Jordan","2010-11",4443.74,0.305385896724042,1801,"0","9-12","City",0.00492341356673961,0.0437636761487965,0.164113785557987,0.355032822757112,0.00164113785557987,0.393873085339168,0.0366520787746171,2.46737368128817,"High","0",0.519146608315099,2010
"7","313","Easley","2010-11",996.44,0.219155844155844,616,"0","K-5","City",0,0.0411861614497529,0.0790774299835255,0.191103789126853,0,0.678747940691928,0.00988467874794069,1.6175974025974,"Elementary","0",0.270181219110379,2010
"8","314","School for Creative Studies","2010-11",11900.86,0.887218045112782,532,"0","6-8","Rural",0.00403225806451613,0.00806451612903226,0.280241935483871,0.616935483870968,0,0.0806451612903226,0.0100806451612903,22.370037593985,"Middle","0",0.897177419354839,2010
"9","315","Eno Valley","2010-11",1294.83,0.80370942812983,647,"0","K-5","City",0.00748502994011976,0.0359281437125748,0.109281437125749,0.714071856287425,0.0029940119760479,0.101796407185629,0.0284431137724551,2.0012828438949,"Elementary","1",0.823353293413174,2010
"10","316","Carrington","2010-11",6542.21,0.526936026936027,1188,"0","6-8","City",0.0050761421319797,0.0245346869712352,0.171742808798646,0.484771573604061,0.00169204737732657,0.285109983079526,0.027072758037225,5.50691077441077,"Middle","0",0.656514382402707,2010
"11","317","City of Medicine","2010-11",394.44,0.534883720930233,215,"0","9-12","City",0.0136986301369863,0.045662100456621,0.100456621004566,0.757990867579909,0,0.0593607305936073,0.0228310502283105,1.83460465116279,"High","0",0.858447488584475,2010
"12","318","Club","2010-11",823.53,0.62671905697446,509,"0","K-5","City",0.00392156862745098,0,0.32156862745098,0.335294117647059,0.00196078431372549,0.286274509803922,0.0509803921568627,1.61793713163065,"Elementary","0",0.656862745098039,2010
"13","319","Creekside","2010-11",1769.99,0.430875576036866,868,"0","K-5","Suburb",0.00932400932400932,0.0710955710955711,0.243589743589744,0.242424242424242,0,0.400932400932401,0.0326340326340326,2.03915898617512,"Elementary","0",0.486013986013986,2010
"14","320","Glenn","2010-11",4991.93,0.93140243902439,656,"0","K-5","Suburb",0,0.00763358778625954,0.404580152671756,0.538931297709924,0,0.0198473282442748,0.0290076335877863,7.6096493902439,"Elementary","1",0.943511450381679,2010
"15","322","Performance Learning Center","2010-11",1252.15,0.771084337349398,166,"0","9-12","City",0,0.0117647058823529,0.0823529411764706,0.817647058823529,0,0.0647058823529412,0.0235294117647059,7.54307228915663,"High","0",0.9,2010
"16","323","Durham School of the Arts","2010-11",4656.79,0.401580459770115,1392,"0","6-12","City",0.0028328611898017,0.0290368271954674,0.155099150141643,0.422804532577904,0,0.346317280453258,0.0439093484419263,3.34539511494253,"High","0",0.577903682719547,2010
"17","324","Hillandale","2010-11",5865.22,0.591482649842271,634,"0","K-5","City",0.00473186119873817,0.0362776025236593,0.198738170347003,0.364353312302839,0.00630914826498423,0.348580441640379,0.0410094637223975,9.2511356466877,"Elementary","0",0.563091482649842,2010
"18","325","Hillside","2010-11",14934.24,0.651778329197684,1209,"0","9-12","City",0.000799360511590727,0.00799360511590727,0.117505995203837,0.826538768984812,0,0.0239808153477218,0.0231814548361311,12.3525558312655,"High","0",0.944044764188649,2010
"19","327","Hope Valley","2010-11",4974.33,0.562942008486563,707,"0","K-5","City",0.00140449438202247,0.0379213483146067,0.335674157303371,0.297752808988764,0.00702247191011236,0.289325842696629,0.0308988764044944,7.03582743988685,"Elementary","0",0.633426966292135,2010
"20","328","Holt","2010-11",3781.41,0.888888888888889,576,"0","K-5","City",0.00166666666666667,0.0216666666666667,0.446666666666667,0.415,0.00833333333333333,0.07,0.0366666666666667,6.56494791666667,"Elementary","0",0.861666666666667,2010
"21","332","Forestview","2010-11",1598.98,0.537067545304778,607,"0","K-5","City",0.00323624595469256,0.0711974110032362,0.288025889967638,0.244336569579288,0.00647249190938511,0.346278317152104,0.040453074433657,2.63423393739703,"Elementary","0",0.532362459546926,2010
"23","338","Shepard","2010-11",4006.53,0.684331797235023,434,"0","6-8","City",0,0.00919540229885057,0.108045977011494,0.864367816091954,0,0.0114942528735632,0.00689655172413793,9.23163594470046,"Middle","0",0.972413793103448,2010
"24","339","Lakewood Elementary","2010-11",1443.1,0.978021978021978,455,"0","K-5","City",0,0.0276008492569002,0.464968152866242,0.450106157112527,0,0.0467091295116773,0.0106157112526539,3.17164835164835,"Elementary","1",0.915074309978769,2010
"25","340","Little River","2010-11",2150.84,0.33596214511041,634,"0","K-5","City",0.0124223602484472,0.0124223602484472,0.0745341614906832,0.357142857142857,0.0031055900621118,0.535714285714286,0.0046583850931677,3.39249211356467,"Elementary","0",0.43167701863354,2010
"26","341","Lakeview","2010-11",5220.34,1,149,"0","6-12","City",0.00662251655629139,0,0.0596026490066225,0.847682119205298,0,0.0728476821192053,0.0132450331125828,35.0358389261745,"High","1",0.907284768211921,2010
"27","342","Lakewood Middle","2010-11",1020.1,0.507692307692308,65,"0","K-5","City",0,0.0153846153846154,0.292307692307692,0.338461538461538,0,0.323076923076923,0.0307692307692308,15.6938461538462,"Middle","0",0.630769230769231,2010
"29","344","Fayetteville Street","2010-11",2159.77,0.983388704318937,301,"0","K-5","City",0,0,0.187290969899666,0.795986622073579,0,0.0167224080267559,0,7.17531561461794,"Elementary","1",0.983277591973244,2010
"30","346","Lowe's Grove","2010-11",2526.34,0.795731707317073,656,"0","6-8","City",0,0.025,0.2125,0.6640625,0.0015625,0.0765625,0.0203125,3.85112804878049,"Middle","0",0.8765625,2010
"31","347","George Watts","2010-11",1145.3,0.634730538922156,334,"0","K-5","City",0.00256410256410256,0.00769230769230769,0.4,0.18974358974359,0.00256410256410256,0.317948717948718,0.0794871794871795,3.42904191616766,"Elementary","0",0.58974358974359,2010
"32","348","Mangum","2010-11",1907.68,0.31198347107438,484,"0","K-5","Rural",0.00411522633744856,0.00617283950617284,0.0679012345679012,0.179012345679012,0,0.709876543209877,0.0329218106995885,3.94148760330579,"Elementary","0",0.246913580246914,2010
"33","352","Merrick Moore","2010-11",14009.16,0.963450292397661,684,"0","K-5","City",0.00141643059490085,0.00708215297450425,0.444759206798867,0.495750708215297,0,0.0396600566572238,0.0113314447592068,20.4812280701754,"Elementary","1",0.940509915014164,2010
"35","354","Morehead","2010-11",383.52,0.388349514563107,206,"0","K-5","City",0.00819672131147541,0.0245901639344262,0.188524590163934,0.348360655737705,0,0.385245901639344,0.0450819672131148,1.86174757281553,"Elementary","0",0.536885245901639,2010
"36","355","Neal","2010-11",9068.58,0.968280467445743,599,"0","6-8","Rural",0,0.00161812297734628,0.247572815533981,0.671521035598705,0,0.0550161812297735,0.0242718446601942,15.1395325542571,"Middle","0",0.919093851132686,2010
"37","356","Northern","2010-11",5401.31,0.492371705963939,1442,"0","9-12","Suburb",0.00606469002695418,0.0107816711590297,0.126010781671159,0.553234501347709,0,0.278975741239892,0.0249326145552561,3.74570735090153,"High","0",0.679245283018868,2010
"38","360","Oak Grove","2010-11",2868.07,0.754098360655738,549,"0","K-5","Suburb",0,0.0036101083032491,0.227436823104693,0.662454873646209,0,0.0703971119133574,0.036101083032491,5.22417122040073,"Elementary","0",0.889891696750903,2010
"39","362","Parkwood","2010-11",1842.45,0.682034976152623,629,"0","K-5","City",0.00489396411092985,0.065252854812398,0.199021207177814,0.497553017944535,0,0.184339314845024,0.0489396411092985,2.929173290938,"Elementary","0",0.696574225122349,2010
"40","363","E K Powe","2010-11",558.3,0.791208791208791,364,"0","K-5","City",0,0.00531914893617021,0.351063829787234,0.425531914893617,0,0.178191489361702,0.0398936170212766,1.53379120879121,"Elementary","0",0.776595744680851,2010
"41","364","Pearsontown","2010-11",6858.41,0.347107438016529,847,"0","K-5","City",0.00455580865603645,0.0444191343963554,0.082004555808656,0.625284738041002,0,0.201594533029613,0.0421412300683371,8.09729634002361,"Elementary","0",0.707289293849658,2010
"42","365","Riverside","2010-11",8439.86,0.444505494505494,1820,"0","9-12","City",0.00159489633173844,0.0127591706539075,0.166932482721956,0.431153641679957,0.000531632110579479,0.373205741626794,0.0138224348750665,4.63728571428571,"High","0",0.598086124401914,2010
"43","366","Githens","2010-11",17236.79,0.683995922528033,981,"0","6-8","City",0.00520833333333333,0.0364583333333333,0.228125,0.501041666666667,0.009375,0.1875,0.0322916666666667,17.5706320081549,"Middle","0",0.729166666666667,2010
"44","367","R N Harris","2010-11",5331.77,0.890080428954424,373,"0","K-5","City",0.00255102040816327,0.00510204081632653,0.255102040816327,0.688775510204082,0,0.0102040816326531,0.038265306122449,14.2942895442359,"Elementary","1",0.943877551020408,2010
"45","368","Southern","2010-11",1843.48,0.690873405299313,1019,"0","9-12","City",0.00382043935052531,0.00191021967526266,0.202483285577841,0.722063037249284,0.00191021967526266,0.0506208213944604,0.0171919770773639,1.80910696761531,"High","0",0.924546322827125,2010
"47","370","Rogers Herr","2010-11",6810.77,0.435534591194969,636,"0","6-8","City",0,0.0373831775700935,0.161993769470405,0.598130841121495,0,0.177570093457944,0.0249221183800623,10.7087578616352,"Middle","0",0.7601246105919,2010
"48","372","Southwest","2010-11",4213.35,0.637305699481865,579,"0","K-5","City",0.00661157024793388,0.0578512396694215,0.176859504132231,0.558677685950413,0.00165289256198347,0.166942148760331,0.031404958677686,7.27694300518135,"Elementary","0",0.735537190082645,2010
"49","374","C C Spaulding","2010-11",1323.03,1,261,"0","K-5","City",0,0.0293040293040293,0.102564102564103,0.846153846153846,0,0.010989010989011,0.010989010989011,5.06908045977011,"Elementary","1",0.948717948717949,2010
"50","376","Spring Valley","2010-11",1459.7,0.710884353741497,588,"0","K-5","Rural",0.00326797385620915,0.00163398692810458,0.238562091503268,0.555555555555556,0.00163398692810458,0.166666666666667,0.0326797385620915,2.48248299319728,"Elementary","0",0.794117647058824,2010
"51","388","W G Pearson Elementary","2010-11",3525.73,0.792663476874003,627,"0","K-5","City",0,0.0162074554294976,0.204213938411669,0.687196110210697,0,0.0518638573743922,0.0405186385737439,5.62317384370016,"Elementary","1",0.891410048622366,2010
"53","400","Y E Smith","2010-11",5515.88,1,360,"0","K-5","City",0,0,0.362359550561798,0.595505617977528,0,0.0308988764044944,0.0112359550561798,15.3218888888889,"Elementary","1",0.957865168539326,2010
"55","701","Hillside New Tech","2010-11",4236.79,0.592261904761905,336,"0","9-11","City",0.0029585798816568,0.00591715976331361,0.0473372781065089,0.884615384615385,0,0.029585798816568,0.029585798816568,12.609494047619,"Middle","0",0.931952662721893,2010
"56","304","Bethesda","2011-12",1542.9,0.868715083798883,716,"0","K-5","City",0.00284495021337127,0.0241820768136558,0.321479374110953,0.553342816500711,0,0.0739687055476529,0.0241820768136558,2.15488826815642,"Elementary","1",0.874822190611664,2011
"57","306","Brogden","2011-12",918.12,0.680473372781065,676,"0","6-8","City",0,0.0103550295857988,0.227810650887574,0.489644970414201,0.0014792899408284,0.238165680473373,0.0325443786982249,1.35816568047337,"Middle","0",0.717455621301775,2011
"58","308","Burton","2011-12",2737.82,0.913649025069638,359,"0","K-5","City",0.00248756218905473,0.00248756218905473,0.504975124378109,0.445273631840796,0,0.0298507462686567,0.0149253731343284,7.62623955431755,"Elementary","1",0.950248756218905,2011
"59","309","Early College","2011-12",301.5,0.536231884057971,345,"0","9-12","City",0,0.02,0.148571428571429,0.768571428571429,0.00285714285714286,0.0314285714285714,0.0285714285714286,0.873913043478261,"High","0",0.917142857142857,2011
"60","310","Eastway","2011-12",1618.2,0.979323308270677,532,"0","K-5","City",0.00173611111111111,0.00173611111111111,0.451388888888889,0.5,0.00173611111111111,0.0190972222222222,0.0243055555555556,3.04172932330827,"Elementary","1",0.951388888888889,2011
"61","312","Jordan","2011-12",2456.75,0.342677345537757,1748,"0","9-12","City",0.00558347292015634,0.0491345616973758,0.170295924064768,0.364042434394193,0.00279173646007817,0.371859296482412,0.0362925739810162,1.40546338672769,"High","0",0.534338358458961,2011
"62","313","Easley","2011-12",3428.33,0.212173913043478,575,"0","K-6","City",0,0.0503472222222222,0.0868055555555556,0.184027777777778,0,0.657986111111111,0.0208333333333333,5.96231304347826,"Elementary","0",0.270833333333333,2011
"63","314","School for Creative Studies","2011-12",1656.51,0.897651006711409,596,"0","6-8","Rural",0.00350262697022767,0.00875656742556918,0.308231173380035,0.569176882661997,0,0.0875656742556918,0.0227670753064799,2.77937919463087,"Middle","0",0.877408056042032,2011
"64","315","Eno Valley","2011-12",879.59,0.853146853146853,572,"0","K-5","City",0.00512820512820513,0.0273504273504274,0.136752136752137,0.71965811965812,0,0.0769230769230769,0.0341880341880342,1.53774475524476,"Elementary","1",0.856410256410256,2011
"65","316","Carrington","2011-12",1499.83,0.530744336569579,1236,"0","6-8","City",0.00560897435897436,0.0296474358974359,0.170673076923077,0.451121794871795,0.000801282051282051,0.3125,0.0296474358974359,1.21345469255663,"Middle","0",0.621794871794872,2011
"66","317","City of Medicine","2011-12",378.51,0.558620689655172,290,"0","9-12","City",0.00680272108843537,0.054421768707483,0.13265306122449,0.697278911564626,0.00340136054421769,0.0782312925170068,0.0272108843537415,1.30520689655172,"High","0",0.829931972789116,2011
"67","318","Club","2011-12",360.36,0.621457489878543,494,"0","K-5","City",0,0.00399201596806387,0.335329341317365,0.321357285429142,0.00199600798403194,0.291417165668663,0.0459081836327345,0.729473684210526,"Elementary","0",0.656686626746507,2011
"68","319","Creekside","2011-12",651.45,0.438997821350763,918,"0","K-5","Suburb",0.00981461286804798,0.0708833151581243,0.250817884405671,0.250817884405671,0,0.380588876772083,0.0370774263904035,0.709640522875817,"Elementary","0",0.501635768811341,2011
"69","320","Glenn","2011-12",1831.95,0.93968253968254,630,"0","K-5","Suburb",0.00318471337579618,0.00636942675159236,0.426751592356688,0.514331210191083,0,0.0254777070063694,0.0238853503184713,2.90785714285714,"Elementary","1",0.941082802547771,2011
"70","322","Performance Learning Center","2011-12",1384.45,0.72108843537415,147,"0","9-12","City",0.0133333333333333,0.0133333333333333,0.166666666666667,0.72,0,0.0733333333333333,0.0133333333333333,9.41802721088435,"High","0",0.886666666666667,2011
"71","323","Durham School of the Arts","2011-12",1207.74,0.415601882985878,1487,"0","6-12","City",0.0026578073089701,0.0325581395348837,0.174086378737542,0.409302325581395,0.00132890365448505,0.338205980066445,0.0418604651162791,0.812199058507061,"High","0",0.583388704318937,2011
"72","324","Hillandale","2011-12",985.38,0.601255886970173,637,"0","K-5","City",0.00448430493273543,0.0373692077727952,0.221225710014948,0.34678624813154,0.00597907324364723,0.34678624813154,0.0373692077727952,1.54690737833595,"Elementary","0",0.568011958146487,2011
"73","325","Hillside","2011-12",1566.51,0.672839506172839,1296,"0","9-12","City",0.00150829562594268,0.00603318250377074,0.111613876319759,0.832579185520362,0,0.0271493212669683,0.0211161387631976,1.20872685185185,"High","0",0.944193061840121,2011
"74","327","Hope Valley","2011-12",3211.11,0.572280178837556,671,"0","K-5","City",0.00147492625368732,0.0324483775811209,0.336283185840708,0.297935103244838,0.00442477876106195,0.29646017699115,0.0309734513274336,4.78555886736215,"Elementary","0",0.634218289085546,2011
"75","328","Holt","2011-12",177.95,0.949514563106796,515,"0","K-6","City",0.00548446069469835,0.0127970749542962,0.488117001828154,0.405850091407678,0.0036563071297989,0.0676416819012797,0.0164533820840951,0.345533980582524,"Elementary","0",0.893967093235832,2011
"76","332","Forestview","2011-12",1267.32,0.566615620214395,653,"0","K-5","City",0.00149476831091181,0.0672645739910314,0.345291479820628,0.224215246636771,0.00448430493273543,0.322869955156951,0.0343796711509716,1.94076569678407,"Elementary","0",0.569506726457399,2011
"78","338","Shepard","2011-12",1238.97,0.701431492842536,489,"0","6-8","City",0,0.00201612903225806,0.151209677419355,0.824596774193548,0,0.0161290322580645,0.00604838709677419,2.53368098159509,"Middle","0",0.975806451612903,2011
"79","339","Lakewood Elementary","2011-12",296.42,1,483,"0","K-5","City",0,0.031496062992126,0.423228346456693,0.484251968503937,0.0078740157480315,0.0354330708661417,0.0177165354330709,0.613706004140787,"Elementary","1",0.90748031496063,2011
"80","340","Little River","2011-12",363.62,0.357285429141717,501,"0","K-5","City",0.0119760479041916,0.0179640718562874,0.0958083832335329,0.313373253493014,0.00199600798403194,0.550898203592814,0.00798403193612774,0.725788423153693,"Elementary","0",0.409181636726547,2011
"81","341","Lakeview","2011-12",3656.88,1,116,"0","6-12","City",0.00833333333333333,0,0.108333333333333,0.808333333333333,0,0.0666666666666667,0.00833333333333333,31.5248275862069,"High","1",0.916666666666667,2011
"82","342","Lakewood Middle","2011-12",330.25,0.519553072625698,179,"0","6-7","City",0,0.0220994475138122,0.259668508287293,0.43646408839779,0,0.248618784530387,0.0331491712707182,1.84497206703911,"Middle","0",0.696132596685083,2011
"84","344","Fayetteville Street","2011-12",841.88,0.944805194805195,308,"0","K-5","City",0,0,0.15210355987055,0.83495145631068,0,0.0129449838187702,0,2.73337662337662,"Elementary","1",0.98705501618123,2011
"85","346","Lowe's Grove","2011-12",1201.38,0.845070422535211,639,"0","6-8","City",0,0.015600624024961,0.223088923556942,0.678627145085803,0,0.0639625585023401,0.0187207488299532,1.88009389671362,"Middle","0",0.901716068642746,2011
"86","347","George Watts","2011-12",471.65,0.621538461538461,325,"0","K-5","City",0,0.0118483412322275,0.348341232227488,0.175355450236967,0.0023696682464455,0.386255924170616,0.0758293838862559,1.45123076923077,"Elementary","0",0.523696682464455,2011
"87","348","Mangum","2011-12",933.62,0.276497695852535,434,"0","K-5","Rural",0,0.0112612612612613,0.0563063063063063,0.132882882882883,0,0.768018018018018,0.0315315315315315,2.15119815668203,"Elementary","0",0.189189189189189,2011
"88","352","Merrick Moore","2011-12",20546.43,0.968421052631579,665,"0","K-5","City",0.00296296296296296,0.00444444444444444,0.453333333333333,0.499259259259259,0,0.0311111111111111,0.00888888888888889,30.8968872180451,"Elementary","1",0.952592592592593,2011
"90","354","Morehead","2011-12",285.5,0.378504672897196,214,"0","K-5","City",0.00684931506849315,0.0171232876712329,0.181506849315068,0.301369863013699,0,0.431506849315068,0.0616438356164384,1.33411214953271,"Elementary","0",0.482876712328767,2011
"91","355","Neal","2011-12",13574.29,0.858536585365854,615,"0","6-8","Rural",0.00162074554294976,0.00324149108589951,0.270664505672609,0.638573743922204,0,0.053484602917342,0.0324149108589951,22.0720162601626,"Middle","0",0.909238249594814,2011
"92","356","Northern","2011-12",1913.96,0.533185840707965,1356,"0","9-12","Suburb",0.00843881856540084,0.0119549929676512,0.142053445850914,0.556258790436006,0,0.255274261603376,0.0260196905766526,1.41147492625369,"High","0",0.69831223628692,2011
"93","360","Oak Grove","2011-12",1432.23,0.857685009487666,527,"0","K-5","Suburb",0.00366300366300366,0.00183150183150183,0.236263736263736,0.657509157509158,0.00183150183150183,0.0622710622710623,0.0366300366300366,2.71770398481973,"Elementary","0",0.893772893772894,2011
"94","362","Parkwood","2011-12",1074.95,0.662847790507365,611,"0","K-5","City",0.00326797385620915,0.0686274509803922,0.194444444444444,0.486928104575163,0.00326797385620915,0.189542483660131,0.053921568627451,1.75932896890344,"Elementary","0",0.681372549019608,2011
"95","363","E K Powe","2011-12",456.08,0.759791122715405,383,"0","K-5","City",0.0107816711590297,0.00808625336927224,0.412398921832884,0.309973045822102,0.00269541778975741,0.226415094339623,0.0296495956873315,1.19080939947781,"Elementary","0",0.722371967654987,2011
"96","364","Pearsontown","2011-12",1212.74,0.367205542725173,866,"0","K-5","City",0.0022271714922049,0.0400890868596882,0.102449888641425,0.570155902004454,0,0.239420935412027,0.0456570155902004,1.40039260969977,"Elementary","0",0.67260579064588,2011
"97","365","Riverside","2011-12",1202.99,0.49514008004574,1749,"0","9-12","City",0.00165837479270315,0.0143725815367606,0.180210060807076,0.444997236042012,0.000552791597567717,0.338308457711443,0.0199004975124378,0.687815894797027,"High","0",0.625207296849088,2011
"98","366","Githens","2011-12",8670.77,0.676288659793814,970,"0","6-8","City",0.00628272251308901,0.043979057591623,0.219895287958115,0.493193717277487,0.00418848167539267,0.204188481675393,0.0282722513089005,8.9389381443299,"Middle","0",0.713089005235602,2011
"99","367","R N Harris","2011-12",3190.91,0.868493150684931,365,"0","K-5","City",0,0.00519480519480519,0.272727272727273,0.677922077922078,0,0.00779220779220779,0.0363636363636364,8.74221917808219,"Elementary","1",0.950649350649351,2011
"100","368","Southern","2011-12",2263.8,0.723446893787575,998,"0","9-12","City",0.00191021967526266,0.00286532951289398,0.224450811843362,0.700095510983763,0.000955109837631328,0.0534861509073543,0.0162368672397326,2.26833667334669,"High","0",0.924546322827125,2011
"101","369","Sandy Ridge","2011-12",1091.01,0.6,575,"0","K-5","Rural",0.00654664484451719,0.0180032733224223,0.157119476268412,0.585924713584288,0,0.191489361702128,0.0409165302782324,1.89740869565217,"Elementary","0",0.7430441898527,2011
"102","370","Rogers Herr","2011-12",1038.78,0.45253164556962,632,"0","6-8","City",0,0.0390015600624025,0.177847113884555,0.589703588143526,0,0.170046801872075,0.0234009360374415,1.64363924050633,"Middle","0",0.767550702028081,2011
"103","372","Southwest","2011-12",2116.21,0.648424543946932,603,"0","K-5","City",0.00477707006369427,0.0557324840764331,0.173566878980892,0.544585987261146,0.00159235668789809,0.181528662420382,0.0382165605095541,3.50946932006633,"Elementary","0",0.718152866242038,2011
"104","374","C C Spaulding","2011-12",649.76,1,222,"0","K-5","City",0,0.0313588850174216,0.24390243902439,0.700348432055749,0,0.0174216027874564,0.00696864111498258,2.92684684684685,"Elementary","1",0.944250871080139,2011
"105","376","Spring Valley","2011-12",354.75,0.740740740740741,540,"0","K-5","Rural",0.00355239786856128,0.00177619893428064,0.255772646536412,0.573712255772647,0.00177619893428064,0.13854351687389,0.024866785079929,0.656944444444444,"Elementary","0",0.829484902309059,2011
"106","388","W G Pearson Elementary","2011-12",602.06,0.832167832167832,572,"0","K-5","City",0.00175438596491228,0.0105263157894737,0.240350877192982,0.680701754385965,0,0.0368421052631579,0.0298245614035088,1.05255244755245,"Elementary","1",0.921052631578947,2011
"108","400","Y E Smith","2011-12",10247.63,0.981538461538462,325,"0","K-6","City",0,0.00307692307692308,0.433846153846154,0.510769230769231,0,0.0338461538461538,0.0184615384615385,31.5311692307692,"Elementary","1",0.944615384615385,2011
"110","701","Hillside New Tech","2011-12",245.65,0.534883720930233,344,"0","9-12","City",0,0.00859598853868195,0.0687679083094556,0.853868194842407,0,0.0372492836676218,0.0315186246418338,0.714098837209302,"Middle","0",0.922636103151862,2011
"111","304","Bethesda","2012-13",1587.6,0.880551301684533,653,"0","K-5","City",0.00151057401812689,0.0211480362537764,0.335347432024169,0.566465256797583,0,0.0634441087613293,0.0120845921450151,2.4312404287902,"Elementary","1",0.901812688821752,2012
"112","306","Brogden","2012-13",818.15,0.728592162554427,689,"0","6-8","City",0.00441176470588235,0.0161764705882353,0.257352941176471,0.489705882352941,0.00294117647058824,0.189705882352941,0.0397058823529412,1.18744557329463,"Middle","0",0.747058823529412,2012
"113","308","Burton","2012-13",2518.05,0.964285714285714,364,"0","K-5","City",0.00253164556962025,0,0.49873417721519,0.435443037974684,0,0.0430379746835443,0.020253164556962,6.91771978021978,"Elementary","1",0.934177215189873,2012
"114","309","Early College","2012-13",187.75,0.591715976331361,338,"0","9-12","City",0,0.0233236151603499,0.189504373177843,0.728862973760933,0,0.0262390670553936,0.032069970845481,0.555473372781065,"High","0",0.918367346938775,2012
"115","310","Eastway","2012-13",1522.85,1,561,"0","K-5","City",0,0,0.440273037542662,0.506825938566553,0,0.0221843003412969,0.0307167235494881,2.71452762923351,"Elementary","1",0.947098976109215,2012
"116","312","Jordan","2012-13",2632.55,0.392457277548615,1697,"0","9-12","City",0.00582072176949942,0.059953434225844,0.182188591385332,0.370197904540163,0.00407450523864959,0.344004656577416,0.0337601862630966,1.55129640542133,"High","0",0.552386495925495,2012
"117","313","Easley","2012-13",3935.1,0.227027027027027,555,"0","K-6","City",0,0.0524412296564195,0.0849909584086799,0.189873417721519,0,0.649186256781193,0.0235081374321881,7.09027027027027,"Elementary","0",0.274864376130199,2012
"118","314","School for Creative Studies","2012-13",1743.98,0.86144578313253,166,"0","6-8","Rural",0.0116959064327485,0,0.321637426900585,0.590643274853801,0,0.0467836257309941,0.0292397660818713,10.5059036144578,"Middle","0",0.912280701754386,2012
"119","315","Eno Valley","2012-13",914.84,0.943820224719101,623,"0","K-5","City",0.00309597523219814,0.0232198142414861,0.165634674922601,0.708978328173375,0.00309597523219814,0.0727554179566563,0.0232198142414861,1.4684430176565,"Elementary","1",0.874613003095975,2012
"120","316","Carrington","2012-13",1635.59,0.587903225806452,1240,"0","6-8","City",0.0032258064516129,0.0370967741935484,0.175806451612903,0.485483870967742,0.000806451612903226,0.27258064516129,0.025,1.31902419354839,"Middle","0",0.661290322580645,2012
"121","317","City of Medicine","2012-13",272.71,0.554878048780488,328,"0","9-12","City",0.0060790273556231,0.0638297872340425,0.167173252279635,0.638297872340426,0.00303951367781155,0.088145896656535,0.033434650455927,0.831432926829268,"High","0",0.805471124620061,2012
"122","318","Club","2012-13",490.41,0.58974358974359,507,"0","K-5","City",0,0.00588235294117647,0.364705882352941,0.296078431372549,0.00196078431372549,0.282352941176471,0.0490196078431373,0.967278106508876,"Elementary","0",0.66078431372549,2012
"123","319","Creekside","2012-13",717.8,0.477220956719818,878,"0","K-5","Suburb",0.0102974828375286,0.0549199084668192,0.283752860411899,0.260869565217391,0,0.351258581235698,0.0389016018306636,0.81753986332574,"Elementary","0",0.544622425629291,2012
"124","320","Glenn","2012-13",1720.72,0.942942942942943,666,"0","K-5","Suburb",0.00597907324364723,0.0134529147982063,0.436472346786248,0.472346786248132,0,0.0508221225710015,0.0209267563527653,2.58366366366366,"Elementary","1",0.90881913303438,2012
"125","322","Performance Learning Center","2012-13",1186.85,0.773869346733668,199,"0","9-12","City",0.00806451612903226,0.00403225806451613,0.262096774193548,0.616935483870968,0,0.0846774193548387,0.0241935483870968,5.96407035175879,"High","0",0.879032258064516,2012
"126","323","Durham School of the Arts","2012-13",1118.05,0.392602206359507,1541,"0","6-12","City",0.00321750321750322,0.0405405405405405,0.181467181467181,0.393178893178893,0.00128700128700129,0.339124839124839,0.0411840411840412,0.725535366645036,"High","0",0.574646074646075,2012
"127","324","Hillandale","2012-13",984.39,0.649532710280374,642,"0","K-5","City",0.00623052959501558,0.0311526479750779,0.221183800623053,0.369158878504673,0.00467289719626168,0.334890965732087,0.0327102803738318,1.53331775700935,"Elementary","0",0.590342679127726,2012
"128","325","Hillside","2012-13",1515.64,0.659385113268608,1236,"0","9-12","City",0.00227963525835866,0.00455927051671732,0.111702127659574,0.830547112462006,0.000759878419452888,0.0288753799392097,0.0212765957446809,1.22624595469256,"High","0",0.942249240121581,2012
"129","327","Hope Valley","2012-13",4144.64,0.610091743119266,654,"0","K-5","City",0.00152905198776758,0.036697247706422,0.334862385321101,0.321100917431193,0.00152905198776758,0.269113149847095,0.0351681957186544,6.33737003058104,"Elementary","0",0.655963302752294,2012
"130","328","Holt","2012-13",85.8,0.948473282442748,524,"0","K-6","City",0.00186219739292365,0.0111731843575419,0.523277467411546,0.39292364990689,0,0.0595903165735568,0.0111731843575419,0.163740458015267,"Elementary","0",0.916201117318436,2012
"131","332","Forestview","2012-13",1296.52,0.62178517397882,661,"0","K-5","City",0,0.0623100303951368,0.373860182370821,0.221884498480243,0.0060790273556231,0.297872340425532,0.0379939209726444,1.96145234493192,"Elementary","0",0.595744680851064,2012
"133","338","Shepard","2012-13",1228.71,0.706796116504854,515,"0","6-8","City",0,0.00963391136801541,0.204238921001927,0.76878612716763,0,0.0115606936416185,0.00578034682080925,2.38584466019417,"Middle","0",0.973025048169557,2012
"134","339","Lakewood Elementary","2012-13",260.98,1,462,"0","K-5","City",0,0.0566037735849057,0.457023060796646,0.421383647798742,0.00628930817610063,0.039832285115304,0.0188679245283019,0.564891774891775,"Elementary","1",0.878406708595388,2012
"135","340","Little River","2012-13",333.3,0.385321100917431,436,"0","K-5","City",0.00909090909090909,0.0181818181818182,0.118181818181818,0.327272727272727,0.00227272727272727,0.502272727272727,0.0227272727272727,0.764449541284404,"Elementary","0",0.445454545454545,2012
"136","341","Lakeview","2012-13",4086.16,1,121,"0","6-12","City",0,0.0108695652173913,0.0434782608695652,0.83695652173913,0,0.0869565217391304,0.0217391304347826,33.7699173553719,"High","1",0.880434782608696,2012
"137","342","Lakewood Middle","2012-13",299.7,0.503521126760563,284,"0","6-7","City",0,0.0138888888888889,0.295138888888889,0.40625,0,0.246527777777778,0.0381944444444444,1.05528169014085,"Middle","0",0.701388888888889,2012
"138","343","Lucas","2012-13",1159.9,0.685636856368564,369,"0","6-8","Rural",0.00810810810810811,0.00810810810810811,0.227027027027027,0.435135135135135,0,0.281081081081081,0.0405405405405405,3.14336043360434,"Middle","0",0.662162162162162,2012
"139","344","Fayetteville Street","2012-13",876.11,0.968421052631579,285,"0","K-5","City",0.00696864111498258,0,0.195121951219512,0.790940766550523,0,0,0.00696864111498258,3.0740701754386,"Elementary","1",0.986062717770035,2012
"140","346","Lowe's Grove","2012-13",809.47,0.823802163833076,647,"0","6-8","City",0.00152439024390244,0.0182926829268293,0.230182926829268,0.661585365853659,0.00152439024390244,0.0640243902439024,0.0228658536585366,1.25111282843895,"Middle","0",0.891768292682927,2012
"141","347","George Watts","2012-13",544.25,0.572271386430678,339,"0","K-5","City",0,0.0151515151515152,0.343434343434343,0.194444444444444,0,0.373737373737374,0.0732323232323232,1.60545722713864,"Elementary","0",0.537878787878788,2012
"142","348","Mangum","2012-13",931.41,0.284974093264249,386,"0","K-5","Rural",0.00259067357512953,0.0103626943005181,0.0647668393782383,0.139896373056995,0,0.759067357512953,0.0233160621761658,2.4129792746114,"Elementary","0",0.204663212435233,2012
"143","352","Merrick Moore","2012-13",21842.55,0.937771345875543,691,"0","K-5","City",0,0.00425531914893617,0.429787234042553,0.516312056737589,0,0.0340425531914894,0.0156028368794326,31.6100578871201,"Elementary","1",0.946099290780142,2012
"145","354","Morehead","2012-13",277.05,0.405660377358491,212,"0","K-5","City",0.00395256916996047,0.0276679841897233,0.221343873517787,0.304347826086957,0,0.399209486166008,0.0434782608695652,1.30683962264151,"Elementary","0",0.525691699604743,2012
"146","355","Neal","2012-13",13236.97,0.865311308767471,787,"0","6-8","Rural",0,0.00129032258064516,0.295483870967742,0.63741935483871,0,0.0529032258064516,0.0129032258064516,16.8195298602287,"Middle","0",0.932903225806452,2012
"147","356","Northern","2012-13",1750.46,0.589837997054492,1358,"0","9-12","Suburb",0.00706713780918728,0.0120141342756184,0.182332155477032,0.546289752650177,0,0.225441696113074,0.0268551236749117,1.28899852724595,"High","0",0.728621908127209,2012
"148","360","Oak Grove","2012-13",1235.78,0.88256880733945,545,"0","K-5","Suburb",0.00541516245487365,0.00541516245487365,0.25812274368231,0.615523465703971,0.00180505415162455,0.0703971119133574,0.0433212996389892,2.26748623853211,"Elementary","0",0.873646209386282,2012
"149","362","Parkwood","2012-13",1174.4,0.728782287822878,542,"0","K-5","City",0,0.0454545454545455,0.238181818181818,0.509090909090909,0,0.150909090909091,0.0563636363636364,2.16678966789668,"Elementary","0",0.747272727272727,2012
"150","363","E K Powe","2012-13",235.17,0.723880597014925,402,"0","K-5","City",0.00248756218905473,0.00995024875621891,0.36318407960199,0.338308457711443,0,0.251243781094527,0.0348258706467662,0.585,"Elementary","0",0.701492537313433,2012
"151","364","Pearsontown","2012-13",1056.04,0.344282238442822,822,"0","K-5","City",0.00229095074455899,0.0378006872852234,0.0939289805269187,0.564719358533792,0,0.257731958762887,0.0435280641466208,1.2847201946472,"Elementary","0",0.65864833906071,2012
"152","365","Riverside","2012-13",1352.19,0.535610885929357,1727,"0","9-12","City",0.00113895216400911,0.0159453302961276,0.204441913439636,0.451025056947608,0,0.303530751708428,0.0239179954441913,0.782970469021424,"High","0",0.655466970387244,2012
"153","366","Githens","2012-13",10548.86,0.718436873747495,998,"0","6-8","City",0.00497512437810945,0.045771144278607,0.262686567164179,0.476616915422886,0.00298507462686567,0.175124378109453,0.0318407960199005,10.57,"Middle","0",0.739303482587065,2012
"154","367","R N Harris","2012-13",3088.33,0.909333333333333,375,"0","K-5","City",0,0.0103359173126615,0.320413436692506,0.617571059431525,0,0.0155038759689922,0.0361757105943152,8.23554666666667,"Elementary","1",0.937984496124031,2012
"155","368","Southern","2012-13",2274.23,0.769230769230769,897,"0","9-12","City",0.00108932461873638,0.00326797385620915,0.213507625272331,0.726579520697168,0,0.0413943355119826,0.014161220043573,2.5353734671126,"High","0",0.940087145969499,2012
"156","369","Sandy Ridge","2012-13",808.8,0.612565445026178,573,"0","K-5","Rural",0.00167224080267559,0.020066889632107,0.178929765886288,0.58695652173913,0,0.158862876254181,0.0535117056856187,1.41151832460733,"Elementary","0",0.765886287625418,2012
"157","370","Rogers Herr","2012-13",1076.65,0.452495974235105,621,"0","6-8","City",0,0.0301109350237718,0.182250396196513,0.594294770206022,0,0.166402535657686,0.0269413629160063,1.73373590982287,"Middle","0",0.776545166402536,2012
"158","372","Southwest","2012-13",2987.08,0.71301247771836,561,"0","K-5","City",0.0017825311942959,0.0623885918003565,0.183600713012478,0.561497326203209,0.0017825311942959,0.144385026737968,0.0445632798573975,5.3245632798574,"Elementary","0",0.745098039215686,2012
"159","374","C C Spaulding","2012-13",679.46,1,255,"0","K-5","City",0,0.0145985401459854,0.18978102189781,0.762773722627737,0,0.0218978102189781,0.0109489051094891,2.66454901960784,"Elementary","1",0.952554744525547,2012
"160","376","Spring Valley","2012-13",315.34,0.75,548,"0","K-5","Rural",0.00555555555555556,0.00925925925925926,0.266666666666667,0.546296296296296,0.00185185185185185,0.140740740740741,0.0296296296296296,0.57543795620438,"Elementary","0",0.812962962962963,2012
"161","388","W G Pearson Elementary","2012-13",716.84,0.913443830570902,543,"0","K-5","City",0.00718132854578097,0.00718132854578097,0.287253141831239,0.666068222621185,0,0.0161579892280072,0.0161579892280072,1.32014732965009,"Elementary","1",0.953321364452424,2012
"163","400","Y E Smith","2012-13",11019.16,1,375,"0","K-6","City",0.00267379679144385,0.00267379679144385,0.457219251336898,0.486631016042781,0,0.0267379679144385,0.0240641711229947,29.3844266666667,"Elementary","1",0.943850267379679,2012
"165","701","Hillside New Tech","2012-13",290.68,0.516417910447761,335,"0","9-12","City",0,0.0117647058823529,0.0970588235294118,0.826470588235294,0.00294117647058824,0.0411764705882353,0.0205882352941176,0.867701492537313,"Middle","0",0.923529411764706,2012
"166","304","Bethesda","2013-14",8111.4,0.857771260997067,682,"0","K-5","City",0,0.0147058823529412,0.327941176470588,0.567647058823529,0,0.0661764705882353,0.0235294117647059,11.8935483870968,"Elementary","1",0.895588235294118,2013
"167","306","Brogden","2013-14",1188.8,0.756637168141593,678,"0","6-8","City",0.00147710487444609,0.0324963072378139,0.301329394387001,0.465288035450517,0.00738552437223043,0.159527326440177,0.0324963072378139,1.75339233038348,"Middle","0",0.766617429837518,2013
"168","308","Burton","2013-14",1369.16,0.989010989010989,364,"0","K-5","City",0.0122850122850123,0.00491400491400491,0.520884520884521,0.41031941031941,0,0.027027027027027,0.0245700245700246,3.76142857142857,"Elementary","1",0.931203931203931,2013
"169","309","Early College","2013-14",158.4,0.583333333333333,336,"0","9-12","City",0,0.0356083086053412,0.237388724035608,0.682492581602374,0,0.0267062314540059,0.0178041543026706,0.471428571428571,"High","0",0.919881305637982,2013
"170","310","Eastway","2013-14",2717.95,1,614,"0","K-5","City",0.0256410256410256,0.00301659125188537,0.443438914027149,0.482654600301659,0,0.0180995475113122,0.0271493212669683,4.42662866449511,"Elementary","1",0.926093514328808,2013
"171","312","Jordan","2013-14",2026.38,0.399885255306942,1743,"0","9-12","City",0.00676056338028169,0.0597183098591549,0.196619718309859,0.380281690140845,0.00338028169014085,0.325070422535211,0.028169014084507,1.1625817555938,"High","0",0.576901408450704,2013
"172","313","Easley","2013-14",928.09,0.28719723183391,578,"0","K-6","City",0,0.048526863084922,0.12998266897747,0.197573656845754,0,0.604852686308492,0.0190641247833622,1.60569204152249,"Elementary","0",0.327556325823224,2013
"173","314","School for Creative Studies","2013-14",537.49,0.534883720930233,258,"0","6-8","Rural",0,0.00383141762452107,0.226053639846743,0.459770114942529,0,0.272030651340996,0.0383141762452107,2.08329457364341,"Middle","0",0.685823754789272,2013
"174","315","Eno Valley","2013-14",1631.87,0.925867507886435,634,"0","K-5","City",0.00603318250377074,0.024132730015083,0.190045248868778,0.692307692307692,0,0.0633484162895928,0.024132730015083,2.57392744479495,"Elementary","1",0.882352941176471,2013
"175","316","Carrington","2013-14",2197.04,0.622067767158992,1151,"0","6-8","City",0.00172413793103448,0.0301724137931034,0.178448275862069,0.519827586206897,0.000862068965517241,0.231034482758621,0.0379310344827586,1.90880973066898,"Middle","0",0.698275862068966,2013
"176","317","City of Medicine","2013-14",300.93,0.56,325,"0","9-12","City",0.00309597523219814,0.0619195046439628,0.204334365325077,0.609907120743034,0.00309597523219814,0.0835913312693498,0.0340557275541796,0.925938461538462,"High","0",0.814241486068112,2013
"177","318","Club","2013-14",607.39,0.608445297504798,521,"0","K-5","City",0,0.00956022944550669,0.38623326959847,0.279158699808795,0,0.284894837476099,0.0401529636711281,1.16581573896353,"Elementary","0",0.665391969407266,2013
"178","319","Creekside","2013-14",1494.83,0.469505178365938,869,"0","K-5","Suburb",0.0138089758342923,0.0690448791714614,0.260069044879171,0.271576524741082,0,0.344073647871116,0.0414269275028769,1.72017261219793,"Elementary","0",0.531645569620253,2013
"179","320","Glenn","2013-14",3398.4,0.947994056463596,673,"0","K-5","Suburb",0.0120481927710843,0.0105421686746988,0.44578313253012,0.436746987951807,0.00451807228915663,0.0617469879518072,0.0286144578313253,5.04962852897474,"Elementary","1",0.882530120481928,2013
"180","322","Performance Learning Center","2013-14",967.78,0.680412371134021,194,"0","9-12","City",0,0,0.270386266094421,0.643776824034335,0.00429184549356223,0.0686695278969957,0.0128755364806867,4.98855670103093,"High","0",0.914163090128755,2013
"181","323","Durham School of the Arts","2013-14",933.85,0.395259449071108,1561,"0","6-12","City",0.00319693094629156,0.039002557544757,0.187979539641944,0.383631713554987,0.00191815856777494,0.342710997442455,0.0415601023017903,0.598238308776425,"High","0",0.571611253196931,2013
"182","324","Hillandale","2013-14",2698.68,0.602898550724638,690,"0","K-5","City",0.0041958041958042,0.0363636363636364,0.223776223776224,0.388811188811189,0.0013986013986014,0.32027972027972,0.0251748251748252,3.91113043478261,"Elementary","0",0.612587412587413,2013
"183","325","Hillside","2013-14",1222.54,0.664462809917355,1210,"0","9-12","City",0.000809061488673139,0.00323624595469256,0.117313915857605,0.833333333333333,0,0.0202265372168285,0.0250809061488673,1.01036363636364,"High","0",0.950647249190939,2013
"184","327","Hope Valley","2013-14",4103.76,0.666158536585366,656,"0","K-5","City",0.0061633281972265,0.036979969183359,0.338983050847458,0.329738058551618,0.00154083204930663,0.243451463790447,0.0431432973805855,6.25573170731707,"Elementary","0",0.668721109399075,2013
"185","328","Holt","2013-14",58.7,0.972649572649573,585,"0","K-6","City",0.00650406504065041,0.0130081300813008,0.533333333333333,0.378861788617886,0,0.0520325203252033,0.016260162601626,0.10034188034188,"Elementary","0",0.912195121951219,2013
"186","332","Forestview","2013-14",1394.28,0.62699564586357,689,"0","K-5","City",0.00573888091822095,0.0674318507890961,0.328550932568149,0.251076040172166,0.00573888091822095,0.30416068866571,0.0373027259684362,2.02362844702467,"Elementary","0",0.579626972740316,2013
"188","338","Shepard","2013-14",1770.94,0.735632183908046,522,"0","6-8","City",0.00190114068441065,0.00950570342205323,0.218631178707224,0.754752851711027,0,0.00950570342205323,0.00570342205323194,3.39260536398467,"Middle","0",0.973384030418251,2013
"189","339","Lakewood Elementary","2013-14",378.4,1,453,"0","K-5","City",0.00207900207900208,0.0540540540540541,0.509355509355509,0.372141372141372,0,0.0374220374220374,0.0249480249480249,0.835320088300221,"Elementary","1",0.881496881496882,2013
"190","340","Little River","2013-14",334.48,0.455696202531646,395,"0","K-5","City",0.0148148148148148,0.0172839506172839,0.123456790123457,0.293827160493827,0,0.516049382716049,0.0345679012345679,0.846784810126582,"Elementary","0",0.417283950617284,2013
"191","341","Lakeview","2013-14",2041.22,1,102,"0","6-12","City",0.010752688172043,0,0.10752688172043,0.827956989247312,0,0.043010752688172,0.010752688172043,20.0119607843137,"High","1",0.935483870967742,2013
"192","342","Lakewood Middle","2013-14",690.95,0.472027972027972,286,"0","6-7","City",0,0.0173010380622837,0.304498269896194,0.339100346020761,0,0.283737024221453,0.055363321799308,2.41590909090909,"Middle","0",0.643598615916955,2013
"193","343","Lucas","2013-14",5423.3,0.640650406504065,615,"0","6-8","Rural",0.00485436893203883,0.0113268608414239,0.210355987055016,0.470873786407767,0.00323624595469256,0.270226537216828,0.029126213592233,8.81837398373984,"Middle","0",0.681229773462783,2013
"194","344","Fayetteville Street","2013-14",974.01,1,246,"0","K-5","City",0.00373134328358209,0.00373134328358209,0.220149253731343,0.742537313432836,0,0.0111940298507463,0.0186567164179104,3.95939024390244,"Elementary","1",0.962686567164179,2013
"195","346","Lowe's Grove","2013-14",2381.16,0.796242774566474,692,"0","6-8","City",0.00288184438040346,0.00864553314121038,0.214697406340058,0.687319884726225,0.00144092219020173,0.0648414985590778,0.0201729106628242,3.44098265895954,"Middle","0",0.902017291066282,2013
"196","347","George Watts","2013-14",1036.65,0.557522123893805,339,"0","K-5","City",0,0.0126262626262626,0.323232323232323,0.20959595959596,0,0.381313131313131,0.0732323232323232,3.05796460176991,"Elementary","0",0.532828282828283,2013
"197","348","Mangum","2013-14",338.59,0.266846361185984,371,"0","K-5","Rural",0.00539083557951483,0.0107816711590297,0.0700808625336927,0.115902964959569,0,0.773584905660377,0.0242587601078167,0.912641509433962,"Elementary","0",0.185983827493261,2013
"198","352","Merrick Moore","2013-14",6064.08,0.897581792318634,703,"0","K-5","City",0.00276243093922652,0.00552486187845304,0.44060773480663,0.494475138121547,0,0.0400552486187845,0.0165745856353591,8.62600284495021,"Elementary","1",0.935082872928177,2013
"200","354","Morehead","2013-14",272.45,0.466981132075472,212,"0","K-5","City",0,0.0236220472440945,0.248031496062992,0.28740157480315,0,0.405511811023622,0.0354330708661417,1.28514150943396,"Elementary","0",0.535433070866142,2013
"201","355","Neal","2013-14",3114.71,0.861678004535147,882,"0","6-8","Rural",0.00113378684807256,0.00113378684807256,0.31859410430839,0.599773242630385,0,0.0555555555555556,0.0238095238095238,3.53141723356009,"Middle","0",0.918367346938775,2013
"202","356","Northern","2013-14",1908.58,0.607799852832965,1359,"0","9-12","Suburb",0.0116959064327485,0.0109649122807018,0.182748538011696,0.536549707602339,0.000730994152046784,0.211988304093567,0.0453216374269006,1.40440029433407,"High","0",0.719298245614035,2013
"203","360","Oak Grove","2013-14",1816.32,0.886759581881533,574,"0","K-5","Suburb",0.0100502512562814,0.0067001675041876,0.323283082077052,0.549413735343384,0,0.0753768844221105,0.0351758793969849,3.16432055749129,"Elementary","0",0.872696817420435,2013
"204","362","Parkwood","2013-14",4118.5,0.761904761904762,567,"0","K-5","City",0,0.0412186379928315,0.256272401433692,0.507168458781362,0,0.1415770609319,0.0537634408602151,7.2636684303351,"Elementary","0",0.763440860215054,2013
"205","363","E K Powe","2013-14",1221.06,0.6875,400,"0","K-5","City",0.0076530612244898,0.00510204081632653,0.344387755102041,0.303571428571429,0.00255102040816327,0.288265306122449,0.048469387755102,3.05265,"Elementary","0",0.647959183673469,2013
"206","364","Pearsontown","2013-14",668.31,0.314250913520097,821,"0","K-5","City",0.00481927710843374,0.0445783132530121,0.0879518072289157,0.534939759036145,0,0.280722891566265,0.0469879518072289,0.814019488428745,"Elementary","0",0.62289156626506,2013
"207","365","Riverside","2013-14",2939.33,0.531196336576989,1747,"0","9-12","City",0.0089086859688196,0.0228285077951002,0.234966592427617,0.437639198218263,0,0.260022271714922,0.0356347438752784,1.68250143102461,"High","0",0.67260579064588,2013
"208","366","Githens","2013-14",5158.76,0.721887550200803,996,"0","6-8","City",0.0109780439121756,0.0399201596806387,0.253493013972056,0.476047904191617,0.000998003992015968,0.187624750499002,0.030938123752495,5.17947791164659,"Middle","0",0.729540918163673,2013
"209","367","R N Harris","2013-14",2781.92,0.872576177285319,361,"0","K-5","City",0.0211081794195251,0.0131926121372032,0.311345646437995,0.617414248021108,0,0.0131926121372032,0.0237467018469657,7.70614958448753,"Elementary","1",0.928759894459103,2013
"210","368","Southern","2013-14",5154.63,0.735229759299781,914,"0","9-12","City",0.00420609884332282,0.0010515247108307,0.228180862250263,0.712933753943218,0.0010515247108307,0.0378548895899054,0.0147213459516299,5.63963894967177,"High","0",0.941114616193481,2013
"211","369","Sandy Ridge","2013-14",1608.86,0.631133671742809,591,"0","K-5","Rural",0.00324149108589951,0.0194489465153971,0.205834683954619,0.557536466774716,0.00162074554294976,0.149108589951378,0.0632090761750405,2.72226734348562,"Elementary","0",0.763371150729335,2013
"212","370","Rogers Herr","2013-14",1209.85,0.451104100946372,634,"0","6-8","City",0,0.02660406885759,0.211267605633803,0.564945226917058,0,0.161189358372457,0.0359937402190923,1.90828075709779,"Middle","0",0.776212832550861,2013
"213","372","Southwest","2013-14",10920.92,0.705974842767296,636,"0","K-5","City",0.00308641975308642,0.0524691358024691,0.20679012345679,0.578703703703704,0,0.121913580246914,0.037037037037037,17.1712578616352,"Elementary","0",0.785493827160494,2013
"214","374","C C Spaulding","2013-14",1137.53,1,266,"0","K-5","City",0,0.015527950310559,0.180124223602484,0.767080745341615,0,0.0279503105590062,0.0093167701863354,4.27642857142857,"Elementary","1",0.947204968944099,2013
"215","376","Spring Valley","2013-14",746.21,0.703020134228188,596,"0","K-5","Rural",0.00486223662884927,0.0194489465153971,0.236628849270664,0.542949756888169,0.00486223662884927,0.165316045380875,0.0259319286871961,1.25203020134228,"Elementary","0",0.779578606158833,2013
"216","388","W G Pearson Elementary","2013-14",3007.1,0.958408679927667,553,"0","K-5","City",0.0189982728842832,0.00690846286701209,0.303972366148532,0.625215889464594,0,0.0241796200345423,0.0207253886010363,5.4377938517179,"Elementary","1",0.929188255613126,2013
"218","400","Y E Smith","2013-14",633.9,1,392,"0","K-6","City",0.00242130750605327,0.00242130750605327,0.404358353510896,0.508474576271186,0,0.0290556900726392,0.0532687651331719,1.61709183673469,"Elementary","1",0.912832929782082,2013
"220","701","Hillside New Tech","2013-14",330.61,0.551724137931034,319,"0","9-12","City",0.00311526479750779,0.00934579439252336,0.0934579439252336,0.834890965732087,0.00311526479750779,0.0467289719626168,0.00934579439252336,1.03639498432602,"Middle","0",0.928348909657321,2013
"221","304","Bethesda","2014-15",6.5,0.556053811659193,669,"1",NA,"City",0,0.022354694485842,0.332339791356185,0.558867362146051,0,0.0670640834575261,0.0193740685543964,0.00971599402092676,"Elementary","1",0.891207153502235,2014
"222","306","Brogden","2014-15",926.04,0.761978361669243,647,"0",NA,"City",0.00156739811912226,0.0266457680250784,0.343260188087774,0.445141065830721,0.00626959247648903,0.147335423197492,0.0297805642633229,1.4312828438949,"Middle","0",0.788401253918495,2014
"223","308","Burton","2014-15",4396.76,0.956164383561644,365,"0",NA,"City",0,0.00257731958762887,0.536082474226804,0.407216494845361,0,0.0283505154639175,0.0257731958762887,12.0459178082192,"Elementary","1",0.943298969072165,2014
"224","309","Early College","2014-15",895.9,0.594117647058824,340,"0",NA,"City",0,0.03125,0.286931818181818,0.639204545454545,0,0.03125,0.0113636363636364,2.635,"High","0",0.926136363636364,2014
"225","310","Eastway","2014-15",0,0.896013864818024,577,"1",NA,"City",0.00327868852459016,0.00327868852459016,0.50983606557377,0.445901639344262,0,0.0163934426229508,0.0213114754098361,0,"Elementary","1",0.955737704918033,2014
"226","312","Jordan","2014-15",6676.57,0.431793179317932,1818,"0",NA,"City",0.00703463203463203,0.0524891774891775,0.218073593073593,0.403679653679654,0.00324675324675325,0.287878787878788,0.0275974025974026,3.67248074807481,"High","0",0.621753246753247,2014
"227","313","Easley","2014-15",1057.86,0.304728546409807,571,"0",NA,"City",0.00174825174825175,0.0506993006993007,0.159090909090909,0.188811188811189,0,0.58041958041958,0.0192307692307692,1.85264448336252,"Elementary","0",0.347902097902098,2014
"228","314","School for Creative Studies","2014-15",1902.18,0.466666666666667,435,"0",NA,"Rural",0,0.0066815144766147,0.195991091314031,0.478841870824053,0,0.293986636971047,0.0244988864142539,4.3728275862069,"Middle","0",0.674832962138085,2014
"229","315","Eno Valley","2014-15",765.68,0.929982046678636,557,"0",NA,"City",0.00844594594594595,0.0118243243243243,0.199324324324324,0.714527027027027,0,0.0456081081081081,0.0202702702702703,1.37464991023339,"Elementary","1",0.913851351351351,2014
"230","316","Carrington","2014-15",1266.94,0.65590405904059,1084,"0",NA,"City",0.00182815356489945,0.0319926873857404,0.228519195612431,0.503656307129799,0.000914076782449726,0.203839122486289,0.0292504570383912,1.16876383763838,"Middle","0",0.73217550274223,2014
"231","317","City of Medicine","2014-15",266.14,0.551495016611296,301,"0",NA,"City",0.00311526479750779,0.043613707165109,0.236760124610592,0.566978193146417,0.00311526479750779,0.11214953271028,0.0342679127725857,0.884186046511628,"High","0",0.803738317757009,2014
"232","318","Club","2014-15",187.24,0.6,500,"0",NA,"City",0.00198807157057654,0.00795228628230616,0.409542743538767,0.25844930417495,0,0.292246520874752,0.0298210735586481,0.37448,"Elementary","0",0.667992047713718,2014
"233","319","Creekside","2014-15",383.99,0.479467258601554,901,"0",NA,"Suburb",0.00896860986547085,0.0661434977578475,0.27914798206278,0.263452914798206,0,0.341928251121076,0.0403587443946188,0.426182019977802,"Elementary","0",0.542600896860987,2014
"234","320","Glenn","2014-15",16.45,0.632375189107413,661,"1",NA,"Suburb",0.0062111801242236,0.0062111801242236,0.456521739130435,0.453416149068323,0.0046583850931677,0.0512422360248447,0.0217391304347826,0.0248865355521936,"Elementary","1",0.909937888198758,2014
"235","322","Performance Learning Center","2014-15",697.44,0.663101604278075,187,"0",NA,"City",0,0,0.289256198347107,0.628099173553719,0.00413223140495868,0.0619834710743802,0.0165289256198347,3.7296256684492,"High","0",0.917355371900826,2014
"236","323","Durham School of the Arts","2014-15",2591.47,0.394366197183099,1633,"0",NA,"City",0.00545454545454545,0.0412121212121212,0.196969696969697,0.372121212121212,0.00121212121212121,0.348484848484849,0.0345454545454545,1.58693815064299,"High","0",0.569090909090909,2014
"237","324","Hillandale","2014-15",764.74,0.661608497723824,659,"0",NA,"City",0.0043859649122807,0.0380116959064327,0.251461988304094,0.381578947368421,0.00146198830409357,0.296783625730994,0.0263157894736842,1.16045523520486,"Elementary","0",0.633040935672515,2014
"238","325","Hillside","2014-15",889.87,0.677316293929712,1252,"0",NA,"City",0.00227617602427921,0.00379362670713202,0.129742033383915,0.831562974203338,0,0.0182094081942337,0.0144157814871017,0.710758785942492,"High","0",0.961305007587253,2014
"239","327","Hope Valley","2014-15",3573.29,0.6671826625387,646,"0",NA,"City",0.0046875,0.0296875,0.3640625,0.3171875,0.0015625,0.2375,0.0453125,5.53140866873065,"Elementary","0",0.68125,2014
"240","328","Holt","2014-15",224.55,0.964686998394864,623,"0",NA,"City",0.00637958532695375,0.00637958532695375,0.51993620414673,0.389154704944179,0,0.0685805422647528,0.00956937799043062,0.360433386837881,"Elementary","0",0.909090909090909,2014
"241","332","Forestview","2014-15",513.3,0.647807637906648,707,"0",NA,"City",0.00140845070422535,0.0605633802816901,0.361971830985916,0.233802816901408,0,0.304225352112676,0.0380281690140845,0.726025459688826,"Elementary","0",0.595774647887324,2014
"243","338","Shepard","2014-15",819.92,0.713178294573643,516,"0",NA,"City",0,0.0114503816793893,0.225190839694656,0.744274809160305,0,0.00763358778625954,0.0114503816793893,1.58899224806202,"Middle","0",0.969465648854962,2014
"244","339","Lakewood Elementary","2014-15",2.55,0.727078891257996,469,"1",NA,"City",0.0020746887966805,0.045643153526971,0.566390041493776,0.340248962655602,0,0.0269709543568465,0.0186721991701245,0.00543710021321962,"Elementary","1",0.906639004149378,2014
"245","340","Little River","2014-15",188.21,0.557746478873239,355,"0",NA,"City",0.0107816711590297,0.0188679245283019,0.126684636118598,0.309973045822102,0,0.485175202156334,0.0485175202156334,0.530169014084507,"Elementary","0",0.436657681940701,2014
"246","341","Lakeview","2014-15",284.44,1,94,"1",NA,"City",0,0,0.0561797752808989,0.876404494382023,0,0.0337078651685393,0.0337078651685393,3.02595744680851,"High","1",0.932584269662921,2014
"247","342","Lakewood Middle","2014-15",603.89,0.448763250883392,283,"0",NA,"City",0,0.020979020979021,0.276223776223776,0.276223776223776,0,0.367132867132867,0.0594405594405594,2.13388692579505,"Middle","0",0.552447552447552,2014
"248","343","Lucas","2014-15",10408.89,0.593893129770992,655,"0",NA,"Rural",0.00911854103343465,0.0167173252279635,0.22644376899696,0.469604863221884,0,0.258358662613982,0.0197568389057751,15.8914351145038,"Middle","0",0.696048632218845,2014
"249","344","Fayetteville Street","2014-15",0,0.847736625514403,243,"1",NA,"City",0.00378787878787879,0.00378787878787879,0.284090909090909,0.689393939393939,0,0.00378787878787879,0.0151515151515152,0,"Elementary","1",0.973484848484849,2014
"250","346","Lowe's Grove","2014-15",1549.31,0.814917127071823,724,"0",NA,"City",0.00282485875706215,0.0127118644067797,0.242937853107345,0.65819209039548,0.00141242937853107,0.0621468926553672,0.019774011299435,2.13993093922652,"Middle","0",0.901129943502825,2014
"251","347","George Watts","2014-15",197.74,0.550595238095238,336,"0",NA,"City",0,0.00505050505050505,0.335858585858586,0.194444444444444,0,0.393939393939394,0.0707070707070707,0.588511904761905,"Elementary","0",0.53030303030303,2014
"252","348","Mangum","2014-15",165.03,0.283667621776504,349,"0",NA,"Rural",0,0.00862068965517241,0.0689655172413793,0.100574712643678,0,0.807471264367816,0.014367816091954,0.472865329512894,"Elementary","0",0.169540229885057,2014
"253","352","Merrick Moore","2014-15",87.35,0.596072931276297,713,"1",NA,"City",0.00142045454545455,0.00284090909090909,0.464488636363636,0.477272727272727,0,0.0454545454545455,0.00852272727272727,0.122510518934081,"Elementary","1",0.941761363636364,2014
"255","354","Morehead","2014-15",969.95,0.476190476190476,210,"0",NA,"City",0,0.0239043824701195,0.227091633466135,0.302788844621514,0,0.414342629482072,0.0318725099601594,4.61880952380952,"Elementary","0",0.529880478087649,2014
"256","355","Neal","2014-15",3817.1,0.851162790697674,860,"0",NA,"Rural",0.00233372228704784,0.00700116686114352,0.361726954492415,0.548424737456243,0.00466744457409568,0.0571761960326721,0.0186697782963827,4.43848837209302,"Middle","0",0.910151691948658,2014
"257","356","Northern","2014-15",1624.27,0.59290780141844,1410,"0",NA,"Suburb",0.00759668508287293,0.0124309392265193,0.200966850828729,0.522790055248619,0.00069060773480663,0.223066298342541,0.0324585635359116,1.15196453900709,"High","0",0.723756906077348,2014
"258","360","Oak Grove","2014-15",1310.23,0.875216637781629,577,"0",NA,"Suburb",0.0128,0.0128,0.336,0.5472,0,0.0688,0.0224,2.27076256499133,"Elementary","0",0.8832,2014
"259","362","Parkwood","2014-15",1759.55,0.747440273037543,586,"0",NA,"City",0,0.0358974358974359,0.254700854700855,0.54017094017094,0,0.126495726495726,0.0427350427350427,3.00264505119454,"Elementary","0",0.794871794871795,2014
"260","363","E K Powe","2014-15",2339.76,0.638344226579521,459,"0",NA,"City",0.0110132158590308,0.0066079295154185,0.29295154185022,0.317180616740088,0.00220264317180617,0.33920704845815,0.0308370044052863,5.09751633986928,"Elementary","0",0.610132158590308,2014
"261","364","Pearsontown","2014-15",505.19,0.358845671267252,797,"0",NA,"City",0.00360576923076923,0.0372596153846154,0.108173076923077,0.506009615384615,0,0.289663461538462,0.0552884615384615,0.633864491844417,"Elementary","0",0.614182692307692,2014
"262","365","Riverside","2014-15",4367.49,0.544627629334849,1759,"0",NA,"City",0.00607399226946438,0.0204307012700166,0.272225289895086,0.424075096631695,0.000552181115405853,0.241855328547764,0.0347874102705687,2.48293916998294,"High","0",0.696300386526781,2014
"263","366","Githens","2014-15",2677.82,0.715705765407555,1006,"0",NA,"City",0.0108803165182987,0.04648862512364,0.297725024727992,0.446092977250247,0.0019782393669634,0.176063303659743,0.0207715133531157,2.66184890656064,"Middle","0",0.743818001978239,2014
"264","367","R N Harris","2014-15",0,0.59020618556701,388,"1",NA,"City",0.0075187969924812,0.0075187969924812,0.343358395989975,0.614035087719298,0,0.0150375939849624,0.012531328320802,0,"Elementary","1",0.957393483709273,2014
"265","368","Southern","2014-15",9771.19,0.697165991902834,1235,"0",NA,"City",0.000773993808049536,0.00309597523219814,0.260061919504644,0.678018575851393,0.00154798761609907,0.0402476780185759,0.0162538699690402,7.91189473684211,"High","0",0.938080495356037,2014
"266","369","Sandy Ridge","2014-15",603.26,0.648148148148148,594,"0",NA,"Rural",0.00635930047694754,0.0158982511923688,0.257551669316375,0.53577106518283,0.00158982511923688,0.136724960254372,0.0461049284578696,1.01558922558923,"Elementary","0",0.793322734499205,2014
"267","370","Rogers Herr","2014-15",1114.16,0.448494453248811,631,"0",NA,"City",0,0.0419254658385093,0.195652173913043,0.545031055900621,0,0.177018633540373,0.0403726708074534,1.76570522979398,"Middle","0",0.740683229813665,2014
"268","372","Southwest","2014-15",6600.72,0.688751926040062,649,"0",NA,"City",0.00600600600600601,0.0435435435435435,0.202702702702703,0.564564564564565,0,0.153153153153153,0.03003003003003,10.1706009244992,"Elementary","0",0.767267267267267,2014
"269","374","C C Spaulding","2014-15",44.4,0.952898550724638,276,"1",NA,"City",0,0.0156739811912226,0.150470219435737,0.802507836990596,0,0.00940438871473354,0.0219435736677116,0.160869565217391,"Elementary","1",0.952978056426332,2014
"270","376","Spring Valley","2014-15",328.35,0.678321678321678,572,"0",NA,"Rural",0.00825082508250825,0.0264026402640264,0.270627062706271,0.537953795379538,0,0.133663366336634,0.0231023102310231,0.574038461538462,"Elementary","0",0.808580858085808,2014
"271","388","W G Pearson Elementary","2014-15",4839.47,0.943223443223443,546,"0",NA,"City",0.0088809946714032,0.00710479573712256,0.33214920071048,0.595026642984014,0,0.0355239786856128,0.0213143872113677,8.86349816849817,"Elementary","1",0.927175843694494,2014
"273","400","Y E Smith","2014-15",0,0.776412776412776,407,"1",NA,"City",0,0.00714285714285714,0.45952380952381,0.49047619047619,0,0.019047619047619,0.0238095238095238,0,"Elementary","1",0.95,2014
"275","701","Hillside New Tech","2014-15",109.6,0.591078066914498,269,"0",NA,"City",0.00366300366300366,0.00732600732600733,0.10989010989011,0.816849816849817,0.00366300366300366,0.0476190476190476,0.010989010989011,0.407434944237918,"Middle","0",0.926739926739927,2014
"276","304","Bethesda","2015-16",35,0.559398496240601,665,"1",NA,"City",0,0.0213740458015267,0.358778625954198,0.534351145038168,0,0.0656488549618321,0.0198473282442748,0.0526315789473684,"Elementary","1",0.893129770992366,2015
"277","306","Brogden","2015-16",871.74,0.733333333333333,585,"0",NA,"City",0.0050251256281407,0.0318257956448911,0.345058626465662,0.437185929648241,0.0050251256281407,0.150753768844221,0.0251256281407035,1.49015384615385,"Middle","0",0.782244556113903,2015
"278","308","Burton","2015-16",1148,0.982608695652174,345,"0",NA,"City",0,0.00276243093922652,0.55524861878453,0.395027624309392,0,0.0220994475138122,0.0248618784530387,3.32753623188406,"Elementary","1",0.950276243093923,2015
"279","309","Early College","2015-16",379.8,0.577903682719547,353,"0",NA,"City",0,0.0367231638418079,0.305084745762712,0.604519774011299,0.00282485875706215,0.0367231638418079,0.0141242937853107,1.07592067988669,"High","0",0.909604519774011,2015
"280","310","Eastway","2015-16",10.88,0.891379310344828,580,"1",NA,"City",0.00324149108589951,0.00324149108589951,0.525121555915721,0.426256077795786,0,0.0210696920583468,0.0210696920583468,0.0187586206896552,"Elementary","1",0.951377633711507,2015
"281","312","Jordan","2015-16",2126.44,0.444958847736626,1944,"0",NA,"City",0.00503271263210871,0.0553598389531958,0.23704076497232,0.408656265727227,0.00301962757926522,0.264720684448918,0.0261701056869653,1.09384773662551,"High","0",0.645697030699547,2015
"282","313","Easley","2015-16",732.3,0.332185886402754,581,"0",NA,"City",0.00171526586620926,0.0497427101200686,0.200686106346484,0.173241852487136,0,0.533447684391081,0.0411663807890223,1.26041308089501,"Elementary","0",0.373927958833619,2015
"283","314","School for Creative Studies","2015-16",1123.9,0.481553398058252,515,"0",NA,"Rural",0,0.00380228136882129,0.222433460076046,0.44106463878327,0,0.306083650190114,0.026615969581749,2.18233009708738,"Middle","0",0.663498098859316,2015
"284","315","Eno Valley","2015-16",217.75,0.959074733096085,562,"0",NA,"City",0.00168634064080944,0.0168634064080944,0.197301854974705,0.701517706576729,0.00168634064080944,0.0573355817875211,0.0236087689713322,0.387455516014235,"Elementary","1",0.898819561551433,2015
"285","316","Carrington","2015-16",1263.44,0.690380761523046,998,"0",NA,"City",0.000999000999000999,0.028971028971029,0.266733266733267,0.497502497502497,0.000999000999000999,0.173826173826174,0.030969030969031,1.26597194388778,"Middle","0",0.764235764235764,2015
"286","317","City of Medicine","2015-16",2506.99,0.578767123287671,292,"0",NA,"City",0.00337837837837838,0.0405405405405405,0.290540540540541,0.554054054054054,0.00337837837837838,0.0844594594594595,0.0236486486486486,8.58558219178082,"High","0",0.844594594594595,2015
"287","318","Club","2015-16",142.16,0.623983739837398,492,"0",NA,"City",0.00203252032520325,0.00609756097560976,0.388211382113821,0.278455284552846,0,0.300813008130081,0.024390243902439,0.288943089430894,"Elementary","0",0.666666666666667,2015
"288","319","Creekside","2015-16",521.1,0.47588424437299,933,"0",NA,"Suburb",0.00326797385620915,0.0620915032679739,0.261437908496732,0.262527233115468,0,0.366013071895425,0.0446623093681917,0.558520900321543,"Elementary","0",0.5239651416122,2015
"289","320","Glenn","2015-16",20,0.594594594594595,703,"1",NA,"Suburb",0.00573888091822095,0.0100430416068867,0.460545193687231,0.467718794835007,0.00286944045911047,0.0358680057388809,0.0172166427546628,0.0284495021337127,"Elementary","1",0.928263988522238,2015
"290","322","Performance Learning Center","2015-16",578.69,0.653179190751445,173,"0",NA,"City",0.00411522633744856,0,0.300411522633745,0.62962962962963,0,0.0493827160493827,0.0164609053497942,3.3450289017341,"High","0",0.930041152263374,2015
"291","323","Durham School of the Arts","2015-16",831.29,0.378011117974058,1619,"0",NA,"City",0.00549115314215985,0.0402684563758389,0.219035997559487,0.347162904209884,0.00061012812690665,0.352043929225137,0.0353874313605857,0.513458925262508,"High","0",0.566198901769372,2015
"292","324","Hillandale","2015-16",874.15,0.675344563552833,653,"0",NA,"City",0.00297619047619048,0.0386904761904762,0.27827380952381,0.401785714285714,0.00148809523809524,0.260416666666667,0.0163690476190476,1.33866768759571,"Elementary","0",0.680059523809524,2015
"293","325","Hillside","2015-16",836.08,0.616680032076985,1247,"0",NA,"City",0.00229885057471264,0.00383141762452107,0.149425287356322,0.816091954022989,0,0.0130268199233716,0.0153256704980843,0.670473135525261,"High","0",0.96551724137931,2015
"294","327","Hope Valley","2015-16",2451.88,0.693374422187982,649,"0",NA,"City",0.00314465408805031,0.0283018867924528,0.358490566037736,0.355345911949686,0.00157232704402516,0.207547169811321,0.0455974842767296,3.77793528505393,"Elementary","0",0.713836477987421,2015
"295","328","Holt","2015-16",445.37,0.926493108728943,653,"0",NA,"City",0.00596125186289121,0.00745156482861401,0.546944858420268,0.363636363636364,0.0014903129657228,0.0521609538002981,0.022354694485842,0.682036753445636,"Elementary","0",0.910581222056632,2015
"296","332","Forestview","2015-16",264.76,0.631001371742112,729,"0",NA,"City",0.00136425648021828,0.0463847203274216,0.358799454297408,0.233287858117326,0,0.313778990450205,0.0463847203274216,0.36318244170096,"Elementary","0",0.592087312414734,2015
"298","338","Shepard","2015-16",534.12,0.770916334661355,502,"0",NA,"City",0.00390625,0.005859375,0.240234375,0.73046875,0,0.00390625,0.015625,1.06398406374502,"Middle","0",0.970703125,2015
"299","339","Lakewood Elementary","2015-16",17.85,0.720930232558139,473,"1",NA,"City",0.00623700623700624,0.0332640332640333,0.544698544698545,0.376299376299376,0,0.027027027027027,0.0124740124740125,0.037737843551797,"Elementary","1",0.920997920997921,2015
"300","340","Little River","2015-16",241.95,0.529262086513995,393,"0",NA,"City",0.00490196078431373,0.0147058823529412,0.132352941176471,0.330882352941176,0.00245098039215686,0.477941176470588,0.0367647058823529,0.615648854961832,"Elementary","0",0.463235294117647,2015
"301","341","Lakeview","2015-16",360.7,1,101,"1",NA,"City",0,0,0.1,0.85,0,0.025,0.025,3.57128712871287,"High","1",0.95,2015
"302","342","Lakewood Middle","2015-16",891.58,0.426174496644295,298,"0",NA,"City",0,0.0264900662251656,0.23841059602649,0.245033112582781,0,0.407284768211921,0.0827814569536424,2.99187919463087,"Middle","0",0.483443708609272,2015
"303","343","Lucas","2015-16",5868.47,0.63036303630363,606,"0",NA,"Rural",0.00647249190938511,0.0161812297734628,0.236245954692557,0.485436893203884,0,0.228155339805825,0.0275080906148867,9.68394389438944,"Middle","0",0.72168284789644,2015
"304","344","Fayetteville Street","2015-16",33.5,0.741007194244604,278,"1",NA,"City",0.0033003300330033,0,0.280528052805281,0.686468646864686,0,0.0198019801980198,0.0099009900990099,0.120503597122302,"Elementary","1",0.966996699669967,2015
"305","346","Lowe's Grove","2015-16",683.71,0.818722139673105,673,"0",NA,"City",0.0014903129657228,0.0104321907600596,0.265275707898659,0.64381520119225,0.0014903129657228,0.0521609538002981,0.0253353204172876,1.01591381872214,"Middle","0",0.909090909090909,2015
"306","347","George Watts","2015-16",233.49,0.545714285714286,350,"0",NA,"City",0,0.00491400491400491,0.331695331695332,0.16953316953317,0,0.437346437346437,0.0565110565110565,0.667114285714286,"Elementary","0",0.501228501228501,2015
"307","348","Mangum","2015-16",217.74,0.263157894736842,323,"0",NA,"Rural",0.00306748466257669,0.00613496932515337,0.0429447852760736,0.101226993865031,0,0.831288343558282,0.0153374233128834,0.674117647058824,"Elementary","0",0.144171779141104,2015
"308","352","Merrick Moore","2015-16",15.8,0.62962962962963,675,"1",NA,"City",0.00144300144300144,0.00288600288600289,0.427128427128427,0.519480519480519,0,0.038961038961039,0.0101010101010101,0.0234074074074074,"Elementary","1",0.946608946608947,2015
"310","354","Morehead","2015-16",175.7,0.506849315068493,219,"0",NA,"City",0,0.0306513409961686,0.218390804597701,0.279693486590038,0,0.444444444444444,0.0268199233716475,0.802283105022831,"Elementary","0",0.498084291187739,2015
"311","355","Neal","2015-16",10325.43,0.805874840357599,783,"0",NA,"Rural",0,0.00510204081632653,0.358418367346939,0.542091836734694,0.00255102040816327,0.0535714285714286,0.038265306122449,13.1870114942529,"Middle","0",0.900510204081633,2015
"312","356","Northern","2015-16",1019.32,0.579387186629526,1436,"0",NA,"Suburb",0.00334224598930481,0.0147058823529412,0.221256684491979,0.505347593582888,0.000668449197860963,0.218582887700535,0.036096256684492,0.70983286908078,"High","0",0.726604278074866,2015
"313","360","Oak Grove","2015-16",1812.65,0.911620294599018,611,"0",NA,"Suburb",0.0077639751552795,0.0046583850931677,0.349378881987578,0.557453416149068,0.0015527950310559,0.0667701863354037,0.0124223602484472,2.96669394435352,"Elementary","0",0.906832298136646,2015
"314","362","Parkwood","2015-16",1027.68,0.773831775700935,535,"0",NA,"City",0,0.0440366972477064,0.247706422018349,0.554128440366973,0,0.102752293577982,0.0513761467889908,1.92089719626168,"Elementary","0",0.801834862385321,2015
"315","363","E K Powe","2015-16",7682.1,0.586744639376218,513,"0",NA,"City",0.00578034682080925,0.0154142581888247,0.273603082851638,0.30635838150289,0.00192678227360308,0.366088631984586,0.0308285163776493,14.9748538011696,"Elementary","0",0.579961464354528,2015
"316","364","Pearsontown","2015-16",511.26,0.335031847133758,785,"0",NA,"City",0.00364077669902913,0.0485436893203883,0.114077669902913,0.489077669902913,0,0.287621359223301,0.0570388349514563,0.651286624203822,"Elementary","0",0.603155339805825,2015
"317","365","Riverside","2015-16",1270.75,0.544282511210762,1784,"0",NA,"City",0.0037817396002161,0.0210696920583468,0.293895191788223,0.414370610480821,0.000540248514316586,0.238249594813614,0.0280929227444625,0.712303811659193,"High","0",0.708265802269044,2015
"318","366","Githens","2015-16",1581.81,0.685368536853685,909,"0",NA,"City",0.0100334448160535,0.0412486064659978,0.27536231884058,0.450390189520624,0,0.198439241917503,0.0245261984392419,1.74016501650165,"Middle","0",0.725752508361204,2015
"319","367","R N Harris","2015-16",7.69,0.669590643274854,342,"1",NA,"City",0.00828729281767956,0.00828729281767956,0.408839779005525,0.546961325966851,0,0.0110497237569061,0.0165745856353591,0.0224853801169591,"Elementary","1",0.955801104972376,2015
"320","368","Southern","2015-16",22267.64,0.706449221645663,1349,"0",NA,"City",0.000719942404607631,0.00359971202303816,0.287257019438445,0.654427645788337,0.000719942404607631,0.0338372930165587,0.019438444924406,16.5067753891772,"High","0",0.941684665226782,2015
"321","369","Sandy Ridge","2015-16",403.82,0.652397260273973,584,"0",NA,"Rural",0.00163398692810458,0.0147058823529412,0.264705882352941,0.545751633986928,0.00163398692810458,0.13562091503268,0.0359477124183007,0.691472602739726,"Elementary","0",0.810457516339869,2015
"322","370","Rogers Herr","2015-16",1638.13,0.452229299363057,628,"0",NA,"City",0,0.0377358490566038,0.209119496855346,0.515723270440252,0,0.193396226415094,0.0440251572327044,2.6084872611465,"Middle","0",0.724842767295597,2015
"323","372","Southwest","2015-16",1203.19,0.672667757774141,611,"0",NA,"City",0.00315955766192733,0.0363349131121643,0.221169036334913,0.549763033175355,0,0.151658767772512,0.037914691943128,1.96921440261866,"Elementary","0",0.770932069510269,2015
"324","374","C C Spaulding","2015-16",0,0.992452830188679,265,"1",NA,"City",0,0.0168350168350168,0.148148148148148,0.811447811447811,0,0.0101010101010101,0.0134680134680135,0,"Elementary","1",0.95959595959596,2015
"325","376","Spring Valley","2015-16",434.14,0.697368421052632,532,"0",NA,"Rural",0.00366300366300366,0.0293040293040293,0.298534798534799,0.542124542124542,0,0.108058608058608,0.0183150183150183,0.816052631578947,"Elementary","0",0.840659340659341,2015
"326","388","W G Pearson Elementary","2015-16",397.11,0.965648854961832,524,"0",NA,"City",0.00549450549450549,0.0146520146520147,0.316849816849817,0.619047619047619,0,0.0274725274725275,0.0164835164835165,0.757843511450382,"Elementary","1",0.935897435897436,2015
"328","400","Y E Smith","2015-16",0,0.829396325459318,381,"1",NA,"City",0,0.014218009478673,0.497630331753554,0.443127962085308,0.0023696682464455,0.0213270142180095,0.0213270142180095,0,"Elementary","1",0.940758293838863,2015
"330","701","Hillside New Tech","2015-16",189.01,0.590909090909091,220,"0",NA,"City",0.00444444444444444,0.00444444444444444,0.128888888888889,0.808888888888889,0.00444444444444444,0.0311111111111111,0.0177777777777778,0.859136363636364,"Middle","0",0.937777777777778,2015
"331","304","Bethesda","2016-17",0,1,681,"1",NA,"City",0,0.0233236151603499,0.357142857142857,0.536443148688047,0,0.0626822157434402,0.0204081632653061,0,"Elementary","1",0.893586005830904,2016
"332","306","Brogden","2016-17",2093.6,0.847985347985348,546,"0",NA,"City",0.0054249547920434,0.0162748643761302,0.365280289330922,0.430379746835443,0.00361663652802893,0.148282097649186,0.0307414104882459,3.83443223443223,"Middle","0",0.795660036166365,2016
"333","308","Burton","2016-17",0,1,350,"1",NA,"City",0,0.00563380281690141,0.569014084507042,0.4,0,0.0140845070422535,0.0112676056338028,0,"Elementary","1",0.969014084507042,2016
"334","309","Early College","2016-17",206.8,0.564469914040115,349,"0",NA,"City",0,0.0318840579710145,0.27536231884058,0.63768115942029,0.00289855072463768,0.0405797101449275,0.0115942028985507,0.592550143266476,"High","0",0.91304347826087,2016
"335","310","Eastway","2016-17",0,1,550,"1",NA,"City",0,0.00727272727272727,0.505454545454545,0.441818181818182,0,0.0163636363636364,0.0290909090909091,0,"Elementary","1",0.947272727272727,2016
"336","312","Jordan","2016-17",16630.82,0.432682425488181,1946,"0",NA,"City",0.00569653029518384,0.0523045054375971,0.243915069911963,0.39513205592957,0.00155359917141378,0.277058518902123,0.0243397203521491,8.54615621788284,"High","0",0.639047125841533,2016
"337","313","Easley","2016-17",663.09,0.293381037567084,559,"0",NA,"City",0.00544464609800363,0.0526315789473684,0.185117967332123,0.168784029038113,0,0.542649727767695,0.0453720508166969,1.18620751341682,"Elementary","0",0.353901996370236,2016
"338","314","School for Creative Studies","2016-17",2515.5,0.455611390284757,597,"0",NA,"Rural",0.0033955857385399,0.0067911714770798,0.225806451612903,0.419354838709677,0,0.303904923599321,0.0407470288624788,4.21356783919598,"Middle","0",0.645161290322581,2016
"339","315","Eno Valley","2016-17",187,0.978846153846154,520,"0",NA,"City",0.00377358490566038,0.0132075471698113,0.230188679245283,0.69622641509434,0.00188679245283019,0.0339622641509434,0.0207547169811321,0.359615384615385,"Elementary","1",0.926415094339623,2016
"340","316","Carrington","2016-17",473.23,0.67274678111588,932,"0",NA,"City",0.00214362272240086,0.0246516613076099,0.296891747052519,0.484458735262594,0.00107181136120043,0.157556270096463,0.0332261521972133,0.507757510729614,"Middle","0",0.781350482315113,2016
"341","317","City of Medicine","2016-17",4019.08,0.572327044025157,318,"0",NA,"City",0,0.0408805031446541,0.358490566037736,0.49685534591195,0.00314465408805031,0.0754716981132075,0.0251572327044025,12.6386163522013,"High","0",0.855345911949686,2016
"342","318","Club","2016-17",269.51,0.605691056910569,492,"0",NA,"City",0.00203665987780041,0.00407331975560081,0.397148676171079,0.266802443991853,0,0.29938900203666,0.0305498981670061,0.547784552845528,"Elementary","0",0.663951120162933,2016
"343","319","Creekside","2016-17",969.81,0.4375,896,"0",NA,"Suburb",0.00221975582685905,0.0499445061043285,0.27857935627081,0.273029966703663,0.00110987791342952,0.359600443951165,0.0355160932297447,1.08237723214286,"Elementary","0",0.551609322974473,2016
"344","320","Glenn","2016-17",0,1,700,"1",NA,"Suburb",0.0115107913669065,0.0143884892086331,0.450359712230216,0.456115107913669,0.00143884892086331,0.0359712230215827,0.0302158273381295,0,"Elementary","1",0.906474820143885,2016
"345","322","Performance Learning Center","2016-17",503.48,0.77639751552795,161,"0",NA,"City",0,0,0.317567567567568,0.601351351351351,0,0.0675675675675676,0.0135135135135135,3.1272049689441,"High","0",0.918918918918919,2016
"346","323","Durham School of the Arts","2016-17",1027.47,0.36497641509434,1696,"0",NA,"City",0.00652431791221827,0.0421115065243179,0.227164887307236,0.329774614472123,0.000593119810201661,0.359430604982206,0.0344009489916963,0.605819575471698,"High","0",0.556939501779359,2016
"347","324","Hillandale","2016-17",631.66,0.644067796610169,649,"0",NA,"City",0.00308166409861325,0.0323574730354391,0.297380585516179,0.395993836671803,0,0.244992295839753,0.0261941448382126,0.973281972265023,"Elementary","0",0.693374422187982,2016
"348","325","Hillside","2016-17",3368.74,0.604048582995951,1235,"0",NA,"City",0.0025062656641604,0.00417710944026733,0.170426065162907,0.786131996658312,0,0.0192147034252297,0.0175438596491228,2.72772469635628,"High","0",0.95655806182122,2016
"349","327","Hope Valley","2016-17",3178.64,0.72884012539185,638,"0",NA,"City",0.00464396284829721,0.0247678018575851,0.34984520123839,0.348297213622291,0,0.239938080495356,0.0325077399380805,4.98219435736677,"Elementary","0",0.698142414860681,2016
"350","328","Holt","2016-17",682.75,0.916158536585366,656,"0",NA,"City",0.00635593220338983,0.00847457627118644,0.309322033898305,0.641949152542373,0.00211864406779661,0.0127118644067797,0.0190677966101695,1.04077743902439,"Elementary","0",0.951271186440678,2016
"351","332","Forestview","2016-17",890.32,0.676701570680628,764,"0",NA,"City",0.00126582278481013,0.0493670886075949,0.345569620253165,0.267088607594937,0.00126582278481013,0.289873417721519,0.0455696202531646,1.16534031413613,"Elementary","0",0.612658227848101,2016
"353","338","Shepard","2016-17",2394.18,0.808988764044944,445,"0",NA,"City",0.00226244343891403,0.00904977375565611,0.319004524886878,0.644796380090498,0,0.00678733031674208,0.0180995475113122,5.3801797752809,"Middle","0",0.963800904977376,2016
"354","339","Lakewood Elementary","2016-17",0,1,451,"1",NA,"City",0.00223713646532438,0.0246085011185682,0.54586129753915,0.387024608501119,0,0.029082774049217,0.0111856823266219,0,"Elementary","1",0.932885906040269,2016
"355","340","Little River","2016-17",328.7,0.447761194029851,469,"0",NA,"City",0.00638297872340425,0.0170212765957447,0.151063829787234,0.282978723404255,0.00212765957446809,0.5,0.0404255319148936,0.700852878464819,"Elementary","0",0.434042553191489,2016
"356","341","Lakeview","2016-17",0,1,90,"1",NA,"City",0,0,0.125925925925926,0.807407407407407,0,0.0222222222222222,0.0444444444444444,0,"High","1",0.933333333333333,2016
"357","342","Lakewood Middle","2016-17",385.45,0.47098976109215,293,"0",NA,"City",0,0.0343642611683849,0.268041237113402,0.216494845360825,0,0.405498281786942,0.0756013745704467,1.31552901023891,"Middle","0",0.484536082474227,2016
"358","343","Lucas","2016-17",5635.46,0.638941398865784,529,"0",NA,"Rural",0.00188679245283019,0.0150943396226415,0.279245283018868,0.475471698113208,0,0.192452830188679,0.0358490566037736,10.6530434782609,"Middle","0",0.754716981132076,2016
"359","344","Fayetteville Street","2016-17",0,1,283,"1",NA,"City",0.00355871886120996,0,0.327402135231317,0.654804270462633,0,0.00711743772241993,0.00711743772241993,0,"Elementary","1",0.98220640569395,2016
"360","346","Lowe's Grove","2016-17",890.43,0.836633663366337,606,"0",NA,"City",0.00329489291598023,0.0115321252059308,0.273476112026359,0.637561779242175,0,0.0461285008237232,0.028006589785832,1.46935643564356,"Middle","0",0.911037891268534,2016
"361","347","George Watts","2016-17",422.8,0.476878612716763,346,"0",NA,"City",0,0.00579710144927536,0.31304347826087,0.171014492753623,0,0.460869565217391,0.0492753623188406,1.22196531791908,"Elementary","0",0.484057971014493,2016
"362","348","Mangum","2016-17",465.47,0.265822784810127,316,"0",NA,"Rural",0.00313479623824451,0.00940438871473354,0.0595611285266458,0.0909090909090909,0,0.821316614420063,0.0156739811912226,1.47300632911392,"Elementary","0",0.150470219435737,2016
"363","352","Merrick Moore","2016-17",0,1,613,"1",NA,"City",0,0.00480769230769231,0.466346153846154,0.479166666666667,0,0.0448717948717949,0.00480769230769231,0,"Elementary","1",0.94551282051282,2016
"365","354","Morehead","2016-17",298.65,0.464601769911504,226,"0",NA,"City",0,0.0309734513274336,0.221238938053097,0.283185840707965,0,0.438053097345133,0.0265486725663717,1.32146017699115,"Elementary","0",0.504424778761062,2016
"366","355","Neal","2016-17",14135.73,0.814044213263979,769,"0",NA,"Rural",0.00130208333333333,0.01171875,0.42578125,0.4765625,0.00520833333333333,0.0520833333333333,0.02734375,18.3819635890767,"Middle","0",0.90234375,2016
"367","356","Northern","2016-17",1007.83,0.561379310344828,1450,"0",NA,"Suburb",0.00141143260409315,0.013408609738885,0.267466478475653,0.459421312632322,0.000705716302046577,0.222300635144672,0.0352858151023289,0.695055172413793,"High","0",0.726887791107975,2016
"368","360","Oak Grove","2016-17",3274.54,0.877280265339967,603,"0",NA,"Suburb",0.00495049504950495,0.0115511551155116,0.371287128712871,0.536303630363036,0.00165016501650165,0.0594059405940594,0.0148514851485149,5.43041459369818,"Elementary","0",0.907590759075908,2016
"369","362","Parkwood","2016-17",8575.5,0.750902527075812,554,"0",NA,"City",0,0.036101083032491,0.229241877256318,0.566787003610108,0,0.104693140794224,0.0631768953068592,15.4792418772563,"Elementary","0",0.796028880866426,2016
"370","363","E K Powe","2016-17",6389.56,0.538461538461538,481,"0",NA,"City",0.00206185567010309,0.0123711340206186,0.276288659793814,0.294845360824742,0,0.377319587628866,0.0371134020618557,13.2839085239085,"Elementary","0",0.571134020618557,2016
"371","364","Pearsontown","2016-17",1238.37,0.32367758186398,794,"0",NA,"City",0.00381679389312977,0.0419847328244275,0.103053435114504,0.454198473282443,0,0.334605597964377,0.0623409669211196,1.55965994962217,"Elementary","0",0.557251908396946,2016
"372","365","Riverside","2016-17",4483.13,0.546778711484594,1785,"0",NA,"City",0.00170357751277683,0.02328222600795,0.32084043157297,0.393526405451448,0.00113571834185122,0.233957978421351,0.0255536626916525,2.51155742296919,"High","0",0.714366837024418,2016
"373","366","Githens","2016-17",3700.01,0.670293797606094,919,"0",NA,"City",0.00764192139737991,0.0425764192139738,0.271834061135371,0.447598253275109,0,0.188864628820961,0.0414847161572052,4.02612622415669,"Middle","0",0.71943231441048,2016
"374","367","R N Harris","2016-17",0,1,313,"1",NA,"City",0,0.00641025641025641,0.493589743589744,0.474358974358974,0,0.00961538461538462,0.016025641025641,0,"Elementary","1",0.967948717948718,2016
"375","368","Southern","2016-17",22924.67,0.68402533427164,1421,"0",NA,"City",0.00070871722182849,0.00779588944011339,0.33309709425939,0.603827072997874,0,0.034727143869596,0.0198440822111977,16.132772695285,"High","0",0.936924167257264,2016
"376","369","Sandy Ridge","2016-17",2814.76,0.633898305084746,590,"0",NA,"Rural",0.00171232876712329,0.011986301369863,0.289383561643836,0.559931506849315,0,0.106164383561644,0.0308219178082192,4.77077966101695,"Elementary","0",0.849315068493151,2016
"377","370","Rogers Herr","2016-17",1575.81,0.442463533225284,617,"0",NA,"City",0,0.0345394736842105,0.238486842105263,0.462171052631579,0,0.21875,0.0460526315789474,2.55398703403566,"Middle","0",0.700657894736842,2016
"378","372","Southwest","2016-17",7582.46,0.634796238244514,638,"0",NA,"City",0.0015527950310559,0.0419254658385093,0.229813664596273,0.531055900621118,0.0015527950310559,0.158385093167702,0.0357142857142857,11.8847335423197,"Elementary","0",0.760869565217391,2016
"379","374","C C Spaulding","2016-17",0,1,262,"1",NA,"City",0,0.015748031496063,0.15748031496063,0.78740157480315,0,0.0118110236220472,0.0275590551181102,0,"Elementary","1",0.94488188976378,2016
"380","376","Spring Valley","2016-17",506.9,0.701465201465201,546,"0",NA,"Rural",0,0.0181488203266788,0.277676950998185,0.549909255898367,0,0.132486388384755,0.0217785843920145,0.928388278388278,"Elementary","0",0.827586206896552,2016
"381","388","W G Pearson Elementary","2016-17",0,1,472,"1",NA,"City",0.00635593220338983,0.00847457627118644,0.309322033898305,0.641949152542373,0.00211864406779661,0.0127118644067797,0.0190677966101695,0,"Elementary","1",0.951271186440678,2016
"383","400","Y E Smith","2016-17",0,1,396,"1",NA,"City",0,0.025,0.475,0.4575,0,0.0225,0.02,0,"Elementary","1",0.9325,2016
"385","701","Hillside New Tech","2016-17",597.8,0.628019323671498,207,"0",NA,"City",0,0,0.12807881773399,0.852216748768473,0.00492610837438424,0.0147783251231527,0,2.88792270531401,"Middle","0",0.980295566502463,2016
"386","304","Bethesda","2017-18",0,1,679,"1",NA,"City",0,0.0213675213675214,0.366096866096866,0.514245014245014,0.00142450142450142,0.0527065527065527,0.0441595441595442,0,"Elementary","1",0.88034188034188,2017
"387","306","Brogden","2017-18",7654.69,0.767485822306238,529,"0",NA,"City",0.00572519083969466,0.0209923664122137,0.398854961832061,0.408396946564886,0.00381679389312977,0.133587786259542,0.0286259541984733,14.4701134215501,"Middle","0",0.807251908396947,2017
"388","308","Burton","2017-18",0,1,367,"1",NA,"City",0,0.00821917808219178,0.572602739726027,0.4,0,0.0136986301369863,0.00547945205479452,0,"Elementary","1",0.972602739726027,2017
"389","309","Early College","2017-18",0,0.548476454293629,361,"0",NA,"City",0,0.0306406685236769,0.264623955431755,0.635097493036212,0.00278551532033426,0.0501392757660167,0.0167130919220056,0,"High","0",0.899721448467967,2017
"390","310","Eastway","2017-18",0,1,533,"1",NA,"City",0.00183823529411765,0.00735294117647059,0.483455882352941,0.457720588235294,0,0.0257352941176471,0.0238970588235294,0,"Elementary","1",0.941176470588235,2017
"391","312","Jordan","2017-18",34195.81,0.385647909137842,1937,"0",NA,"City",0.00366300366300366,0.0497121925693354,0.248560962846677,0.379905808477237,0.0010465724751439,0.285190999476714,0.0319204604918891,17.6540061951471,"High","0",0.628466771323914,2017
"392","313","Easley","2017-18",761.53,0.316758747697974,543,"0",NA,"City",0.00552486187845304,0.0386740331491713,0.208103130755064,0.180478821362799,0,0.52670349907919,0.0405156537753223,1.40244935543278,"Elementary","0",0.388581952117864,2017
"393","314","School for Creative Studies","2017-18",1447.85,0.478040540540541,592,"0",NA,"Rural",0.00344827586206897,0.00517241379310345,0.256896551724138,0.420689655172414,0,0.272413793103448,0.0413793103448276,2.44569256756757,"Middle","0",0.677586206896552,2017
"394","315","Eno Valley","2017-18",0,1,444,"1",NA,"City",0,0.0179372197309417,0.230941704035874,0.68609865470852,0,0.0403587443946188,0.0246636771300448,0,"Elementary","1",0.917040358744395,2017
"395","316","Carrington","2017-18",841.13,0.69131455399061,852,"0",NA,"City",0.00234192037470726,0.022248243559719,0.310304449648712,0.473067915690867,0.00117096018735363,0.15807962529274,0.0327868852459016,0.987241784037559,"Middle","0",0.783372365339579,2017
"396","317","City of Medicine","2017-18",0,0.597633136094675,338,"0",NA,"City",0,0.0474777448071217,0.41839762611276,0.439169139465875,0,0.0682492581602374,0.0267062314540059,0,"High","0",0.857566765578635,2017
"397","318","Club","2017-18",325.56,0.589690721649485,485,"0",NA,"City",0.0020703933747412,0.0020703933747412,0.424430641821946,0.211180124223602,0,0.329192546583851,0.031055900621118,0.671257731958763,"Elementary","0",0.635610766045549,2017
"398","319","Creekside","2017-18",1339.82,0.446978335233751,877,"0",NA,"Suburb",0.00228050171037628,0.0467502850627138,0.259977194982896,0.265678449258837,0.00114025085518814,0.383124287343216,0.0410490307867731,1.52773090079818,"Elementary","0",0.525655644241733,2017
"399","320","Glenn","2017-18",0,1,662,"1",NA,"Suburb",0.00732064421669107,0.0131771595900439,0.458272327964861,0.462664714494876,0.00292825768667643,0.0351390922401171,0.020497803806735,0,"Elementary","1",0.920937042459737,2017
"400","322","Performance Learning Center","2017-18",3.3,0.767605633802817,142,"0",NA,"City",0.00769230769230769,0,0.261538461538462,0.684615384615385,0,0.0384615384615385,0.00769230769230769,0.0232394366197183,"High","0",0.946153846153846,2017
"401","323","Durham School of the Arts","2017-18",14836.83,0.35075493612079,1722,"0",NA,"City",0.00469759248385203,0.0452143276570757,0.233705226071638,0.313564298297123,0.000587199060481503,0.363476218438051,0.0387551379917792,8.61604529616725,"High","0",0.547269524368761,2017
"402","324","Hillandale","2017-18",776.83,0.651685393258427,623,"0",NA,"City",0.00483091787439614,0.0322061191626409,0.285024154589372,0.418679549114332,0,0.230273752012882,0.0289855072463768,1.24691813804173,"Elementary","0",0.703703703703704,2017
"403","325","Hillside","2017-18",7587.81,0.600760456273764,1315,"0",NA,"City",0.00312256049960968,0.00468384074941452,0.183450429352069,0.760343481654957,0,0.0257611241217799,0.0226385636221702,5.77019771863118,"High","0",0.943793911007026,2017
"404","327","Hope Valley","2017-18",7746.84,0.677725118483412,633,"0",NA,"City",0.00636942675159236,0.0270700636942675,0.367834394904459,0.326433121019108,0,0.237261146496815,0.035031847133758,12.2382938388626,"Elementary","0",0.694267515923567,2017
"405","328","Holt","2017-18",3490.83,0.907380607814761,691,"0",NA,"City",0.00423728813559322,0.0127118644067797,0.521186440677966,0.379943502824859,0.00141242937853107,0.0536723163841808,0.0268361581920904,5.0518523878437,"Elementary","0",0.901129943502825,2017
"406","332","Forestview","2017-18",3065.07,0.619607843137255,765,"0",NA,"City",0.00131233595800525,0.047244094488189,0.356955380577428,0.236220472440945,0,0.304461942257218,0.0538057742782152,4.00662745098039,"Elementary","0",0.593175853018373,2017
"408","338","Shepard","2017-18",10341.69,0.772428884026258,457,"0",NA,"City",0.00221238938053097,0.0110619469026549,0.323008849557522,0.643805309734513,0,0.00663716814159292,0.0132743362831858,22.6295185995624,"Middle","0",0.966814159292035,2017
"409","339","Lakewood Elementary","2017-18",0,1,408,"1",NA,"City",0.0025,0.025,0.5725,0.3475,0,0.0425,0.01,0,"Elementary","1",0.92,2017
"410","340","Little River","2017-18",2463.45,0.41,500,"0",NA,"City",0.00606060606060606,0.0121212121212121,0.175757575757576,0.278787878787879,0,0.492929292929293,0.0343434343434343,4.9269,"Elementary","0",0.454545454545455,2017
"411","341","Lakeview","2017-18",0,1,88,"1",NA,"City",0,0.00666666666666667,0.153333333333333,0.773333333333333,0,0.0466666666666667,0.02,0,"High","1",0.926666666666667,2017
"412","342","Lakewood Middle","2017-18",1245.94,0.425170068027211,294,"0",NA,"City",0,0.0308219178082192,0.270547945205479,0.246575342465753,0,0.376712328767123,0.0753424657534247,4.23789115646259,"Middle","0",0.517123287671233,2017
"413","343","Lucas","2017-18",1583.09,0.639065817409766,471,"0",NA,"Rural",0,0.00632911392405063,0.30168776371308,0.485232067510549,0,0.166666666666667,0.040084388185654,3.36112526539278,"Middle","0",0.786919831223629,2017
"414","344","Fayetteville Street","2017-18",0,1,270,"1",NA,"City",0.00735294117647059,0,0.338235294117647,0.610294117647059,0,0.0257352941176471,0.0183823529411765,0,"Elementary","1",0.948529411764706,2017
"415","346","Lowe's Grove","2017-18",6555.32,0.840407470288625,589,"0",NA,"City",0.00171526586620926,0.00857632933104631,0.337907375643225,0.595197255574614,0,0.032590051457976,0.0240137221269297,11.1295755517827,"Middle","0",0.933104631217839,2017
"416","347","George Watts","2017-18",1855.4,0.421652421652422,351,"0",NA,"City",0,0.00854700854700855,0.304843304843305,0.162393162393162,0,0.478632478632479,0.0455840455840456,5.28603988603989,"Elementary","0",0.467236467236467,2017
"417","348","Mangum","2017-18",805.75,0.3,330,"0",NA,"Rural",0.00301204819277108,0.0120481927710843,0.0933734939759036,0.0933734939759036,0,0.756024096385542,0.0421686746987952,2.44166666666667,"Elementary","0",0.186746987951807,2017
"418","352","Merrick Moore","2017-18",0.8,1,618,"1",NA,"City",0,0.00791139240506329,0.460443037974684,0.479430379746835,0,0.0395569620253165,0.0126582278481013,0.00129449838187702,"Elementary","1",0.939873417721519,2017
"420","354","Morehead","2017-18",2669.75,0.439130434782609,230,"0",NA,"City",0,0.0307017543859649,0.223684210526316,0.293859649122807,0,0.421052631578947,0.0307017543859649,11.6076086956522,"Elementary","0",0.517543859649123,2017
"421","355","Neal","2017-18",27121.24,0.76171875,768,"0",NA,"Rural",0.00128369704749679,0.0115532734274711,0.44801026957638,0.465982028241335,0.00256739409499358,0.0449293966623877,0.0256739409499358,35.3141145833333,"Middle","0",0.913992297817715,2017
"422","356","Northern","2017-18",1255.04,0.541160593792173,1482,"0",NA,"Suburb",0.0020746887966805,0.020746887966805,0.255186721991701,0.464038727524205,0.000691562932226833,0.224757952973721,0.0325034578146611,0.846855600539811,"High","0",0.719225449515906,2017
"423","360","Oak Grove","2017-18",2260.98,0.860033726812816,593,"0",NA,"Suburb",0.00170068027210884,0.00850340136054422,0.372448979591837,0.537414965986395,0.00170068027210884,0.0680272108843537,0.0102040816326531,3.81278246205734,"Elementary","0",0.909863945578231,2017
"424","362","Parkwood","2017-18",4484.19,0.733826247689464,541,"0",NA,"City",0,0.0129390018484288,0.266173752310536,0.543438077634011,0.00184842883548983,0.11090573012939,0.0646950092421442,8.28870609981516,"Elementary","0",0.809611829944547,2017
"425","363","E K Powe","2017-18",2307.76,0.533742331288344,489,"0",NA,"City",0.00201612903225806,0.0100806451612903,0.254032258064516,0.290322580645161,0,0.395161290322581,0.0483870967741935,4.71934560327198,"Elementary","0",0.544354838709677,2017
"426","364","Pearsontown","2017-18",1162,0.314465408805031,795,"0",NA,"City",0.00252844500632111,0.0417193426042984,0.106194690265487,0.400758533501896,0,0.374209860935525,0.0745891276864728,1.46163522012579,"Elementary","0",0.506953223767383,2017
"427","365","Riverside","2017-18",8722.76,0.546712802768166,1734,"0",NA,"City",0.00175541252194266,0.0275014628437683,0.315974253949678,0.392042129900527,0.00117027501462844,0.232299590403745,0.0292568753657109,5.03042675893887,"High","0",0.708016383850205,2017
"428","366","Githens","2017-18",5725.92,0.661894273127753,908,"0",NA,"City",0.00218102508178844,0.0272628135223555,0.294438386041439,0.402399127589967,0,0.220283533260632,0.0534351145038168,6.30607929515419,"Middle","0",0.696837513631407,2017
"429","367","R N Harris","2017-18",0,1,330,"1",NA,"City",0,0,0.501529051987768,0.458715596330275,0.00305810397553517,0.0244648318042813,0.0122324159021407,0,"Elementary","1",0.960244648318043,2017
"430","368","Southern","2017-18",27533.16,0.641232575201761,1363,"0",NA,"City",0.000742390497401633,0.0089086859688196,0.355605048255382,0.571640682999258,0.00148478099480327,0.0393466963622866,0.022271714922049,20.2004108584006,"High","0",0.92724573125464,2017
"431","369","Sandy Ridge","2017-18",10499.1,0.652014652014652,546,"0",NA,"Rural",0.0018450184501845,0.00738007380073801,0.322878228782288,0.549815498154982,0,0.0793357933579336,0.0387453874538745,19.2291208791209,"Elementary","0",0.872693726937269,2017
"432","370","Rogers Herr","2017-18",1605.06,0.465378421900161,621,"0",NA,"City",0.00162337662337662,0.0227272727272727,0.246753246753247,0.469155844155844,0,0.217532467532468,0.0422077922077922,2.58463768115942,"Middle","0",0.715909090909091,2017
"433","372","Southwest","2017-18",2493.85,0.645833333333333,624,"0",NA,"City",0.00317965023847377,0.0445151033386327,0.232114467408585,0.503974562798092,0.00158982511923688,0.181240063593005,0.0333863275039746,3.99655448717949,"Elementary","0",0.736089030206677,2017
"434","374","C C Spaulding","2017-18",0,1,265,"1",NA,"City",0,0.0144927536231884,0.144927536231884,0.807971014492754,0,0.0072463768115942,0.0253623188405797,0,"Elementary","1",0.952898550724638,2017
"435","376","Spring Valley","2017-18",80.8,0.658578856152513,577,"0",NA,"Rural",0,0.0205831903945112,0.271012006861063,0.543739279588336,0.00171526586620926,0.128644939965695,0.0343053173241852,0.140034662045061,"Elementary","0",0.8147512864494,2017
"436","388","W G Pearson Elementary","2017-18",0,1,465,"1",NA,"City",0.00652173913043478,0.0108695652173913,0.323913043478261,0.626086956521739,0,0.0130434782608696,0.0195652173913043,0,"Elementary","1",0.95,2017
"438","400","Y E Smith","2017-18",0,1,365,"1",NA,"City",0,0.0244565217391304,0.505434782608696,0.423913043478261,0.00271739130434783,0.0271739130434783,0.016304347826087,0,"Elementary","1",0.929347826086957,2017
"440","701","Hillside New Tech","2017-18",2174.55,0.503067484662577,326,"0",NA,"City",0,0.00313479623824451,0.13166144200627,0.799373040752351,0,0.0376175548589342,0.0282131661442006,6.67039877300614,"Middle","0",0.931034482758621,2017
